Date,Price,Returns,Log Returns
2005-01-05,4806.0,-0.008458840519909194,-0.008494819548961738
2005-01-06,4824.3,0.0038077403245941888,0.003800509231674353
2005-01-07,4854.1,0.006177061957175267,0.006158062111967834
2005-01-10,4840.7,-0.0027605529346327318,-0.002764370287840789
2005-01-11,4818.7,-0.004544797240068621,-0.0045551562292983384
2005-01-12,4783.6,-0.0072841222736421685,-0.007310781028264903
2005-01-13,4800.3,0.0034910945731247978,0.003485014848286226
2005-01-14,4820.8,0.004270566422931887,0.0042614734330981025
2005-01-17,4846.7,0.005372552273481546,0.005358171598805566
2005-01-18,4823.9,-0.004704231745311316,-0.004715331467592769
2005-01-19,4818.3,-0.001160886419701801,-0.0011615607702883369
2005-01-20,4800.8,-0.0036319863852396495,-0.003638598061658207
2005-01-21,4803.3,0.0005207465422429891,0.0005206110008154719
2005-01-24,4812.5,0.001915349863635285,0.0019135179199209974
2005-01-25,4843.2,0.006379220779220818,0.006358959671414577
2005-01-26,4847.1,0.0008052527254709396,0.0008049286834404843
2005-01-27,4853.4,0.0012997462400197168,0.0012989023010673301
2005-01-28,4832.8,-0.004244447191659395,-0.004253480427430374
2005-01-31,4852.3,0.0040349279920544046,0.004026809501127482
2005-02-01,4906.2,0.011108134286832883,0.011046892070327545
2005-02-02,4916.2,0.002038237332355086,0.0020361629448946423
2005-02-03,4908.3,-0.0016069321833935835,-0.0016082246837404437
2005-02-04,4941.5,0.006764052727013414,0.006741279159097995
2005-02-07,4979.8,0.007750682990994573,0.007720800753429484
2005-02-08,4995.5,0.0031527370577131286,0.003147777603405122
2005-02-09,4990.4,-0.0010209188269443281,-0.001021440319534548
2005-02-10,5000.0,0.0019236934915036752,0.0019218455626986012
2005-02-11,5044.2,0.008839999999999959,0.008801155953068695
2005-02-14,5041.8,-0.0004757939812061185,-0.0004759072070786113
2005-02-15,5058.9,0.003391645840771007,0.003385907182020999
2005-02-16,5053.2,-0.0011267271541244295,-0.0011273623883662923
2005-02-17,5057.4,0.0008311564948941808,0.0008308112756089358
2005-02-18,5057.2,-3.954601178468575e-05,-3.954679374882557e-05
2005-02-21,5060.8,0.0007118563632049213,0.0007116031136417521
2005-02-22,5032.9,-0.005512962377489883,-0.0055282148379008625
2005-02-23,4988.5,-0.008821951558743435,-0.00886109535992182
2005-02-24,4972.1,-0.003287561391199678,-0.0032929772944841704
2005-02-25,5006.8,0.006978942499145102,0.006954702394790721
2005-02-28,4968.5,-0.007649596548693793,-0.0076790047824504
2005-03-01,5000.5,0.00644057562644651,0.00641992374515258
2005-03-02,4992.8,-0.0015398460153984717,-0.001541032796737514
2005-03-03,5014.8,0.004406345136997336,0.004396665622036845
2005-03-04,5036.3,0.004287309563691499,0.004278145236246195
2005-03-07,5027.2,-0.001806882036415658,-0.0018085164168142023
2005-03-08,5010.9,-0.003242361553150941,-0.0032476293972905058
2005-03-09,4996.1,-0.002953561236504254,-0.002957931606050598
2005-03-10,4962.1,-0.00680530814034952,-0.00682856984524009
2005-03-11,4982.0,0.004010398823078853,0.004002378609404857
2005-03-14,4975.0,-0.0014050582095543884,-0.0014060462294325784
2005-03-15,5000.2,0.005065326633165723,0.00505254102356551
2005-03-16,4937.6,-0.012519499220031038,-0.012598528447416895
2005-03-17,4922.1,-0.003139176928062204,-0.003144114479895262
2005-03-18,4923.3,0.00024379837874066723,0.00024376866474531343
2005-03-21,4933.5,0.002071781122417793,0.0020696379435294
2005-03-22,4937.3,0.0007702442485051364,0.0007699477626385464
2005-03-23,4910.4,-0.005448321957345237,-0.005463218194388285
2005-03-24,4922.5,0.0024641577060933173,0.002461126647809006
2005-03-29,4919.0,-0.0007110208227526504,-0.0007112737179407797
2005-03-30,4900.7,-0.003720268347225053,-0.0037272057568746154
2005-03-31,4894.4,-0.0012855306384802478,-0.001286357641826223
2005-04-01,4914.0,0.004004576659039083,0.003996579684485596
2005-04-04,4896.7,-0.003520553520553582,-0.003526765252541009
2005-04-05,4942.9,0.009434925562113117,0.00939069464456117
2005-04-06,4947.4,0.0009103967306642868,0.0009099825709080824
2005-04-07,4977.0,0.005982940534422276,0.005965113814501566
2005-04-08,4983.6,0.0013261000602773354,0.0013252215661540428
2005-04-11,4973.2,-0.0020868448511117688,-0.0020890253459257954
2005-04-12,4946.2,-0.00542909997587071,-0.005443891098424388
2005-04-13,4960.8,0.0029517609477984763,0.002947413055310215
2005-04-14,4945.4,-0.003104338009998542,-0.003109166462594016
2005-04-15,4891.6,-0.01087879645731371,-0.010938403257859374
2005-04-18,4827.1,-0.013185869654100957,-0.013273575067986043
2005-04-19,4855.6,0.005904166062439042,0.005886804776419665
2005-04-20,4822.0,-0.0069198451272758366,-0.006943898282532334
2005-04-21,4819.6,-0.0004977187888841605,-0.0004978426919948745
2005-04-22,4849.3,0.006162337123412742,0.006143427568938447
2005-04-25,4864.9,0.0032169591487429816,0.0032117958062051486
2005-04-26,4845.5,-0.003987748977368422,-0.003995721249660266
2005-04-27,4789.4,-0.011577752553916132,-0.011645296575787263
2005-04-28,4790.2,0.0001670355368104115,0.0001670215879284171
2005-04-29,4801.7,0.0024007348336185785,0.002397857673693196
2005-05-03,4861.2,0.012391444696669973,0.0123152991362059
2005-05-04,4882.5,0.004381634164403847,0.004372062754188812
2005-05-05,4902.3,0.004055299539170498,0.004047098975014158
2005-05-06,4918.9,0.0033861656773350735,0.003380445527617115
2005-05-09,4910.3,-0.0017483583728068464,-0.0017498885350815058
2005-05-10,4892.4,-0.003645398448160142,-0.003652059105175871
2005-05-11,4875.4,-0.003474777205461521,-0.0034808282652315048
2005-05-12,4893.2,0.0036509824834884963,0.003644333824784755
2005-05-13,4886.5,-0.001369247118450101,-0.0013701853938708703
2005-05-16,4884.2,-0.00047068453903620355,-0.00047079534577522413
2005-05-17,4898.5,0.0029278080340691126,0.0029235303515817352
2005-05-18,4949.4,0.01039093600081653,0.010337321310044006
2005-05-19,4962.7,0.0026871944074029486,0.0026835903555928456
2005-05-20,4971.8,0.001833679247184028,0.001832000109746212
2005-05-23,4989.8,0.0036204191640853978,0.00361388122193257
2005-05-24,4982.5,-0.0014629844883562448,-0.001464055695062834
2005-05-25,4971.5,-0.002207727044656327,-0.0022101676668215406
2005-05-26,4994.9,0.004706828924871731,0.004695786442102287
2005-05-27,4986.3,-0.0017217561913149826,-0.0017232401170563178
2005-05-31,4964.0,-0.004472253975894014,-0.004482284420676357
2005-06-01,5011.0,0.009468170829975753,0.009423628635226748
2005-06-02,5005.0,-0.0011973657952504269,-0.0011980832104036665
2005-06-03,4999.4,-0.0011188811188811432,-0.0011195075336596094
2005-06-06,4980.4,-0.0038004560547265642,-0.003807696137403904
2005-06-07,5025.2,0.00899526142478524,0.008955045052005402
2005-06-08,5003.7,-0.0042784366791371875,-0.004287615379025657
2005-06-09,5009.2,0.001099186601914548,0.0010985829386401934
2005-06-10,5030.4,0.004232212728579432,0.004223282104955335
2005-06-13,5050.4,0.003975826972010266,0.003967944258583238
2005-06-14,5046.8,-0.0007128148265482803,-0.000713068999829587
2005-06-15,5019.5,-0.005409368312594198,-0.005424051922004984
2005-06-16,5045.0,0.0050801872696484285,0.005067326656128123
2005-06-17,5077.6,0.006461843409316215,0.0064410552045510786
2005-06-20,5072.0,-0.0011028832519300868,-0.0011034918751985391
2005-06-21,5082.1,0.0019913249211356288,0.0019893448618567107
2005-06-22,5099.3,0.0033844276972117004,0.0033787134112216372
2005-06-23,5114.4,0.002961190751671783,0.00295681506237676
2005-06-24,5079.0,-0.006921633036133246,-0.0069456986512720425
2005-06-27,5043.5,-0.006989564874975374,-0.007014106306354908
2005-06-28,5090.4,0.009299097848716187,0.009256127423692317
2005-06-29,5109.1,0.003673581643878876,0.003666850522677264
2005-06-30,5113.2,0.0008024896752851784,0.0008021678526071174
2005-07-01,5161.0,0.009348353281702249,0.009304927854860477
2005-07-04,5184.3,0.004514628947878352,0.004504468579328593
2005-07-05,5190.1,0.001118762417298358,0.001118137068992509
2005-07-06,5229.6,0.007610643340205447,0.007581828501471626
2005-07-07,5158.3,-0.013633929937280187,-0.013727725470252979
2005-07-08,5232.2,0.014326425372700236,0.014224771877855449
2005-07-11,5242.4,0.0019494667635029383,0.0019475690191646826
2005-07-12,5217.2,-0.004806958644895443,-0.004818549229159053
2005-07-13,5245.9,0.005501035037951407,0.005485959606421188
2005-07-14,5259.7,0.0026306258220705203,0.002627171782160969
2005-07-15,5230.8,-0.0054946099587428465,-0.005509760852362955
2005-07-18,5214.2,-0.003173510744054475,-0.0031785570083533244
2005-07-19,5201.5,-0.0024356564765447564,-0.00243862751304395
2005-07-20,5215.2,0.0026338556185714346,0.0026303930993795306
2005-07-21,5221.6,0.0012271820831417646,0.0012264297106782708
2005-07-22,5241.8,0.0038685460395280202,0.0038610824579114788
2005-07-25,5270.7,0.005513373268724475,0.005498230260198961
2005-07-26,5256.2,-0.0027510577342667597,-0.0027548488482407032
2005-07-27,5263.6,0.0014078611924965845,0.0014068710851081504
2005-07-28,5270.3,0.0012728930769814184,0.0012720836354042793
2005-07-29,5282.3,0.0022769102328141777,0.0022743220007468636
2005-08-01,5290.8,0.0016091475304318426,0.0016078542397556092
2005-08-02,5327.5,0.00693656913888252,0.006912621820879882
2005-08-03,5332.3,0.0009009854528390093,0.0009005798090803607
2005-08-04,5315.5,-0.003150610430771028,-0.0031555840531927804
2005-08-05,5314.7,-0.00015050324522625225,-0.0001505145719761534
2005-08-08,5344.3,0.0055694582949179505,0.005554006208685786
2005-08-09,5363.7,0.00363003573901155,0.0036234630605145326
2005-08-10,5377.5,0.0025728508305833397,0.0025695467160009866
2005-08-11,5358.6,-0.0035146443514643133,-0.0035208352239896
2005-08-12,5345.8,-0.002388683611391107,-0.0023915410673678848
2005-08-15,5344.2,-0.00029930038534931036,-0.00029934518464883356
2005-08-16,5322.3,-0.00409790052767478,-0.0041063199311660945
2005-08-17,5292.7,-0.005561505364222286,-0.0055770281151751745
2005-08-18,5269.3,-0.004421183894798397,-0.004430986230937882
2005-08-19,5312.6,0.008217410282200799,0.008183831196324225
2005-08-22,5318.4,0.0010917441554039176,0.0010911486361505206
2005-08-23,5300.2,-0.003422081829121515,-0.003427950543783773
2005-08-24,5275.2,-0.004716803139504178,-0.004727962359823965
2005-08-25,5255.7,-0.003696542311191986,-0.0037033914075805933
2005-08-26,5228.1,-0.005251441292311143,-0.005265278575179744
2005-08-30,5255.8,0.005298291922495757,0.005284305355373515
2005-08-31,5296.9,0.00781993226530675,0.007789515065709353
2005-09-01,5328.5,0.005965753553965669,0.005948028905221797
2005-09-02,5326.8,-0.00031903912921082966,-0.00031909003302097285
2005-09-05,5337.8,0.0020650296613351493,0.002062900418380078
2005-09-06,5359.2,0.004009142343287531,0.004001127147687913
2005-09-07,5365.9,0.00125018659501408,0.0012494057624760626
2005-09-08,5340.8,-0.004677686874522302,-0.004688661489017891
2005-09-09,5359.3,0.0034639005392449462,0.0034579150538735534
2005-09-12,5375.1,0.0029481462131248914,0.002943808952572402
2005-09-13,5338.0,-0.006902197168424884,-0.006926127509492626
2005-09-14,5347.4,0.0017609591607343766,0.001759410489982239
2005-09-15,5383.5,0.0067509443841868855,0.006728258801320159
2005-09-16,5407.9,0.004532367418965233,0.004522127171804946
2005-09-19,5429.7,0.00403113962906132,0.00402303635535885
2005-09-20,5416.4,-0.0024494907637623298,-0.002452495674266507
2005-09-21,5369.7,-0.00862196292740558,-0.00865934708810498
2005-09-22,5385.7,0.002979682291375685,0.0029752518368130606
2005-09-23,5413.6,0.005180385093859874,0.005167013060638972
2005-09-26,5453.1,0.007296438599083688,0.007269948369146896
2005-09-27,5447.3,-0.001063615191359113,-0.0010641812313982094
2005-09-28,5494.8,0.008719916288803642,0.008682117395285485
2005-09-29,5478.2,-0.0030210380723594277,-0.003025610619424793
2005-09-30,5477.7,-9.12708553904018e-05,-9.127502082838097e-05
2005-10-03,5501.5,0.004344889278346864,0.004335477499170518
2005-10-04,5494.4,-0.0012905571207852962,-0.0012913906068110269
2005-10-05,5427.8,-0.012121432731508341,-0.012195496411014231
2005-10-06,5372.4,-0.010206713585614868,-0.01025915925722197
2005-10-07,5362.3,-0.0018799791527063237,-0.0018817485314581751
2005-10-10,5374.5,0.0022751431288812185,0.002272558909656267
2005-10-11,5380.7,0.0011535956833192973,0.0011529308031051815
2005-10-12,5342.2,-0.0071552028546472135,-0.0071809240857824514
2005-10-13,5265.2,-0.014413537493916384,-0.014518421579188421
2005-10-14,5275.0,0.0018612778242041994,0.0018595477930145822
2005-10-17,5286.5,0.0021800947867298692,0.0021777218283139796
2005-10-18,5263.9,-0.004275040196727531,-0.004284204308358962
2005-10-19,5167.8,-0.018256425843955926,-0.01842513084103923
2005-10-20,5164.1,-0.0007159719803397913,-0.0007162284106833733
2005-10-21,5142.1,-0.004260180864042118,-0.004269281290043164
2005-10-24,5207.6,0.01273798642577928,0.012657540700785551
2005-10-25,5182.1,-0.004896689453875114,-0.00490871751887606
2005-10-26,5227.8,0.008818818625653702,0.00878015996093018
2005-10-27,5182.8,-0.00860782738436816,-0.00864508871064037
2005-10-28,5213.4,0.005904144477888229,0.00588678331855939
2005-10-31,5317.3,0.01992941266735726,0.01973342163422633
2005-11-01,5344.3,0.005077765031124892,0.0050649166579279665
2005-11-02,5358.6,0.002675747993189148,0.0026721745525260725
2005-11-03,5431.9,0.013678945993356395,0.013586233725555109
2005-11-04,5423.6,-0.0015280104567461095,-0.0015291790552963134
2005-11-07,5460.8,0.006858912899181391,0.006835497564288513
2005-11-08,5460.9,1.8312335188896967e-05,1.8312167520133866e-05
2005-11-09,5439.8,-0.0038638319690892375,-0.0038713158516951135
2005-11-10,5423.5,-0.0029964336924152013,-0.0030009319879954082
2005-11-11,5465.1,0.007670323591776551,0.007641056224620727
2005-11-14,5470.0,0.0008965984153994633,0.0008961967111338885
2005-11-15,5439.6,-0.005557586837294237,-0.005573087681222907
2005-11-16,5430.0,-0.0017648356496802187,-0.00176639480682286
2005-11-17,5460.0,0.005524861878453136,0.0055096558109697
2005-11-18,5498.9,0.007124542124542055,0.007099282478944425
2005-11-21,5497.9,-0.00018185455272867745,-0.0001818710902728337
2005-11-22,5517.2,0.0035104312555702677,0.003504284073742429
2005-11-23,5531.7,0.0026281447110854117,0.0026246971778639385
2005-11-24,5511.0,-0.0037420684418894012,-0.0037490874959932507
2005-11-25,5523.8,0.0023226274723280316,0.0023199343424259574
2005-11-28,5477.4,-0.008400014482783713,-0.008435493426571378
2005-11-29,5491.0,0.0024829298572315306,0.0024798524797825334
2005-11-30,5423.2,-0.012347477690766717,-0.012424341162116772
2005-12-01,5486.1,0.011598318336037972,0.011531573431941305
2005-12-02,5528.1,0.007655711707770463,0.00762655546022786
2005-12-05,5510.4,-0.003201823411298821,-0.0032069602155681124
2005-12-06,5538.8,0.005153890824622698,0.005140654987202051
2005-12-07,5528.8,-0.0018054452227919127,-0.0018070770033742536
2005-12-08,5531.1,0.00041600347272474636,0.0004159169672703016
2005-12-09,5517.4,-0.0024769033284519626,-0.0024799759282382746
2005-12-12,5501.5,-0.002881792148475615,-0.0028859525062491357
2005-12-13,5507.2,0.0010360810687994881,0.001035544707252986
2005-12-14,5521.1,0.002523968622893724,0.002520788763541989
2005-12-15,5495.3,-0.004672981833330314,-0.004683934346855747
2005-12-16,5531.6,0.006605644823758583,0.006583923156596922
2005-12-19,5539.8,0.00148239207462586,0.0014812944161340035
2005-12-20,5547.9,0.0014621466478932366,0.0014610787523031661
2005-12-21,5587.4,0.0071198110996952835,0.007094584911006148
2005-12-22,5597.0,0.0017181515552850968,0.00171667722141275
2005-12-23,5595.4,-0.00028586742897984685,-0.00028590829686203916
2005-12-28,5622.8,0.0048968795796549,0.004884928863113426
2005-12-29,5638.3,0.002756633705627065,0.0027528411591091965
2005-12-30,5618.8,-0.003458489260947495,-0.0034644836599653167
2006-01-03,5681.5,0.011158966327329711,0.011097164401309043
2006-01-04,5714.6,0.005825926251870062,0.005809021170251682
2006-01-05,5691.2,-0.004094774787386735,-0.004103181334124795
2006-01-06,5731.8,0.00713382063536705,0.0071084953098271
2006-01-09,5731.5,-5.2339579189819574e-05,-5.23409489533899e-05
2006-01-10,5688.8,-0.0074500567041786425,-0.007477946985756127
2006-01-11,5731.5,0.007505976655885149,0.007477946985756048
2006-01-12,5735.1,0.0006281078251766381,0.0006279106480179714
2006-01-13,5711.0,-0.004202193510139396,-0.004211047538219482
2006-01-16,5740.2,0.005112939940465688,0.005099913247313632
2006-01-17,5699.0,-0.00717745026305705,-0.007203332077177081
2006-01-18,5663.7,-0.006194069134936031,-0.006213331965892362
2006-01-19,5693.2,0.005208609213058546,0.005195091327362927
2006-01-20,5672.4,-0.0036534813461673865,-0.003660171609279301
2006-01-23,5660.9,-0.002027360552852353,-0.0020294184301011676
2006-01-24,5633.8,-0.004787224646257582,-0.004798720108411066
2006-01-25,5704.4,0.012531506265752945,0.012453636813933114
2006-01-26,5722.6,0.0031905195989061497,0.003185440691286154
2006-01-27,5786.8,0.011218676825219376,0.01115621420153719
2006-01-30,5779.8,-0.0012096495472454505,-0.0012103817638022053
2006-01-31,5760.3,-0.003373819163292824,-0.0033795233246523724
2006-02-01,5801.6,0.007169765463604261,0.007144184893551308
2006-02-02,5747.3,-0.009359487038058445,-0.009403562266797639
2006-02-03,5759.3,0.002087936944304314,0.0020857602333261985
2006-02-06,5772.4,0.002274581980448831,0.002271999034862084
2006-02-07,5746.8,-0.004434897096528223,-0.004444760425358615
2006-02-08,5725.1,-0.0037760144776223248,-0.003783161617765907
2006-02-09,5808.7,0.014602365024191544,0.014496777139448346
2006-02-10,5764.1,-0.007678137965465459,-0.0077077666261764185
2006-02-13,5793.5,0.005100536076750872,0.00508757240504692
2006-02-14,5792.3,-0.0002071286786916593,-0.000207150132798986
2006-02-15,5791.5,-0.00013811439324629138,-0.00013812393191739756
2006-02-16,5828.9,0.006457739791073003,0.006436977924686085
2006-02-17,5846.2,0.0029679699428708517,0.002963574215523272
2006-02-20,5863.0,0.002873661523724813,0.0028695404516048554
2006-02-21,5857.7,-0.0009039740747057712,-0.0009043829056699388
2006-02-22,5872.4,0.0025095173873703747,0.00250637380676004
2006-02-23,5836.0,-0.0061984878414276245,-0.006217778222628933
2006-02-24,5860.5,0.004198080877313215,0.004189293520558689
2006-02-27,5875.9,0.00262776213633642,0.002624315605868379
2006-02-28,5791.5,-0.014363757041474412,-0.014467914396702593
2006-03-01,5844.1,0.009082275748942381,0.009041279919207706
2006-03-02,5833.0,-0.0018993514826920466,-0.0019011575379709643
2006-03-03,5858.7,0.004405966055203159,0.004396288203208749
2006-03-06,5897.8,0.006673835492515545,0.0066516640434928906
2006-03-07,5857.4,-0.006850011868832495,-0.006873580893867089
2006-03-08,5812.9,-0.007597227438795318,-0.007626233374354365
2006-03-09,5855.9,0.007397340398080043,0.007370114260492374
2006-03-10,5907.9,0.008879933058966172,0.008840738313650212
2006-03-13,5952.8,0.0075999932294048556,0.007571258776791312
2006-03-14,5950.6,-0.0003695739819916666,-0.000369642291286493
2006-03-15,5965.1,0.002436729069337451,0.0024337650590756177
2006-03-16,5993.2,0.004710734103367864,0.004699673318148351
2006-03-17,5999.4,0.0010345057732095153,0.0010339710408694667
2006-03-20,5991.7,-0.0012834616795012188,-0.0012842860218593027
2006-03-21,5991.3,-6.675901663966144e-05,-6.67612451219942e-05
2006-03-22,6007.5,0.002703920684993255,0.002700271667746683
2006-03-23,5990.1,-0.0028963795255929625,-0.0029005821496623295
2006-03-24,6036.3,0.007712725997896408,0.007683134980949204
2006-03-27,5972.2,-0.010619087851829856,-0.010675872725376408
2006-03-28,5935.7,-0.0061116506480024535,-0.006130403230018743
2006-03-29,5959.2,0.003959094967737498,0.003951278375550543
2006-03-30,6015.2,0.009397234528124576,0.009353355201750596
2006-03-31,5964.6,-0.00841202287538223,-0.008447603617662561
2006-04-03,6024.3,0.01000905341514935,0.009959294590369264
2006-04-04,6004.7,-0.0032534900320370097,-0.0032587941384273965
2006-04-05,6044.1,0.00656152680400357,0.006540093691877007
2006-04-06,6045.7,0.00026472096755503216,0.000264685935142107
2006-04-07,6026.1,-0.003241973634153128,-0.0032472402165033567
2006-04-10,6067.0,0.006787142596372364,0.00676421363368557
2006-04-11,6016.5,-0.008323718477006747,-0.008358554064080578
2006-04-12,6000.8,-0.0026094905676057323,-0.0026129012227906908
2006-04-13,6029.4,0.004766031195840403,0.004754709627541322
2006-04-18,6044.1,0.0024380535376655743,0.002435086307005527
2006-04-19,6089.8,0.0075610926357936314,0.00753265085220512
2006-04-20,6081.4,-0.0013793556438636,-0.0013803078305631828
2006-04-21,6132.7,0.008435557601867982,0.008400177116016046
2006-04-24,6098.7,-0.005544050744370366,-0.005559476032503339
2006-04-25,6086.6,-0.0019840293833111033,-0.0019860001767809036
2006-04-26,6104.3,0.0029080274701802633,0.002903807337824213
2006-04-27,6060.0,-0.007257179365365407,-0.007283640792811346
2006-04-28,6023.1,-0.0060891089108909835,-0.006107723135717637
2006-05-02,6082.1,0.009795620195580446,0.009747954134381736
2006-05-03,6010.0,-0.011854458164121007,-0.011925282532770832
2006-05-04,6036.9,0.0044758735440930675,0.004465886611178899
2006-05-05,6091.7,0.009077506667329205,0.009036553750690488
2006-05-08,6067.1,-0.004038281596270288,-0.004046457473816105
2006-05-09,6105.6,0.006345700581826597,0.006325651396606061
2006-05-10,6083.4,-0.003636006289308269,-0.003642632627323683
2006-05-11,6042.0,-0.006805404872275322,-0.006828667239971764
2006-05-12,5912.1,-0.0214995034756702,-0.021733984711970543
2006-05-15,5841.3,-0.011975440198914167,-0.012047723444961628
2006-05-16,5846.2,0.0008388543646105084,0.0008385027229250298
2006-05-17,5675.5,-0.02919845369641816,-0.02963321231721612
2006-05-18,5671.6,-0.0006871641265085993,-0.0006874003319911341
2006-05-19,5657.4,-0.002503702658861795,-0.002506842163716358
2006-05-22,5532.7,-0.02204192738713895,-0.02228848040528442
2006-05-23,5678.7,0.026388562546315608,0.026046390985881407
2006-05-24,5587.1,-0.01613045239227273,-0.016261964287918904
2006-05-25,5677.7,0.016215925972329126,0.0160858521392479
2006-05-26,5791.0,0.019955263575039295,0.01975876709417756
2006-05-30,5652.0,-0.024002762907960662,-0.024295523421371774
2006-05-31,5723.8,0.012703467799009216,0.01262345566050813
2006-06-01,5749.7,0.00452496593172369,0.004514759052320539
2006-06-02,5764.6,0.002591439553368158,0.0025880875636257877
2006-06-05,5762.1,-0.00043368143496513856,-0.00043377550195637687
2006-06-06,5669.8,-0.0160184654900124,-0.016148147847844886
2006-06-07,5706.3,0.006437616847155159,0.006416983895833912
2006-06-08,5562.9,-0.02513011934178022,-0.02545127262545808
2006-06-09,5655.2,0.016592065289687152,0.016455920855297394
2006-06-12,5620.9,-0.0060652143160278005,-0.006083682441670278
2006-06-13,5519.6,-0.018022024942624726,-0.0181863995376746
2006-06-14,5506.8,-0.002319008623813401,-0.002321701688611317
2006-06-15,5619.3,0.020429287426454668,0.020223408781168246
2006-06-16,5597.4,-0.0038972825796808053,-0.003904896774985982
2006-06-19,5626.1,0.0051273805695501995,0.005114280314710923
2006-06-20,5658.2,0.005705550914487656,0.0056893359066676665
2006-06-21,5665.0,0.0012017956240499839,0.0012010740457575517
2006-06-22,5684.1,0.0033715798764342164,0.003365908844319462
2006-06-23,5692.1,0.0014074347741945825,0.0014064452662092628
2006-06-26,5681.2,-0.0019149347341053113,-0.0019167705656627093
2006-06-27,5652.3,-0.0050869534605364475,-0.005099936054908318
2006-06-28,5678.6,0.004652973125984117,0.0046421815089832475
2006-06-29,5791.5,0.019881660972774995,0.0196866019113529
2006-06-30,5833.4,0.0072347405680739385,0.007208695377217978
2006-07-03,5884.4,0.008742757225631781,0.008704760626438135
2006-07-04,5883.5,-0.00015294677452237782,-0.0001529584720730465
2006-07-05,5826.7,-0.009654117447097876,-0.009701020555132125
2006-07-06,5890.0,0.010863782243808684,0.01080519529678086
2006-07-07,5888.9,-0.00018675721561978165,-0.00018677465692013427
2006-07-10,5896.9,0.0013584880028527646,0.001357566092867135
2006-07-11,5857.3,-0.0067153928335226265,-0.0067380425420536134
2006-07-12,5860.6,0.0005633995185494456,0.0005632408686267579
2006-07-13,5765.0,-0.01631232297034435,-0.016446833704993283
2006-07-14,5707.6,-0.00995663486556797,-0.010006533646739148
2006-07-17,5701.0,-0.0011563529329315925,-0.0011570220248383364
2006-07-18,5681.7,-0.003385370987546099,-0.0033911143217825973
2006-07-19,5778.0,0.016949152542372836,0.01680711831638119
2006-07-20,5770.9,-0.0012287988923503912,-0.0012295544847534757
2006-07-21,5719.7,-0.008872099672494693,-0.008911691095452054
2006-07-24,5833.9,0.01996608213717499,0.019769373936601692
2006-07-25,5851.2,0.002965426215739031,0.002961038012539969
2006-07-26,5877.1,0.004426442439157796,0.0044166745568625055
2006-07-27,5929.5,0.008915961954024887,0.008876449452870576
2006-07-28,5974.9,0.007656632093768323,0.007627468853132629
2006-07-31,5928.3,-0.007799293712028588,-0.007829867275115938
2006-08-01,5880.8,-0.008012415026230069,-0.008044686922988714
2006-08-02,5932.1,0.008723302951979317,0.008685474776691196
2006-08-03,5838.4,-0.015795418148716434,-0.01592149515438601
2006-08-04,5889.4,0.008735269936968937,0.008697338202439387
2006-08-07,5828.8,-0.01028967297177974,-0.010342977630323259
2006-08-08,5818.1,-0.0018357123250067886,-0.0018373993097387914
2006-08-09,5860.5,0.0072876024819097385,0.00726117621867432
2006-08-10,5823.4,-0.006330517873901598,-0.006350640571863583
2006-08-11,5820.1,-0.0005666792595390158,-0.0005668398829147685
2006-08-14,5870.9,0.008728372364735781,0.008690500337222334
2006-08-15,5897.9,0.004598954163756774,0.004588411285840326
2006-08-16,5896.6,-0.0002204174367146372,-0.00022044173220800697
2006-08-17,5900.4,0.0006444391683342321,0.0006442316065825515
2006-08-18,5903.4,0.0005084401057555699,0.0005083108938808105
2006-08-21,5915.2,0.0019988481214214815,0.00199685308259261
2006-08-22,5902.6,-0.0021301054909385053,-0.0021323773924730653
2006-08-23,5860.0,-0.007217158540304358,-0.0072433282188360945
2006-08-24,5869.1,0.0015529010238908292,0.0015516965199182267
2006-08-25,5878.6,0.0016186468112657781,0.001617338214429721
2006-08-29,5888.3,0.0016500527336440474,0.0016486928922999208
2006-08-30,5929.3,0.006962960446988076,0.00693883098148532
2006-08-31,5906.1,-0.003912772165348355,-0.003920447085040257
2006-09-01,5949.1,0.007280608184758064,0.007254232500298671
2006-09-04,5986.6,0.006303474475130688,0.006283690674165789
2006-09-05,5981.7,-0.0008184946380249691,-0.0008188297876524682
2006-09-06,5929.3,-0.00876005149037895,-0.008798646301771814
2006-09-07,5858.1,-0.012008162852275905,-0.01208084326463039
2006-09-08,5879.3,0.0036189208105017467,0.0036123882723337743
2006-09-11,5850.8,-0.004847515860731733,-0.0048593031739615055
2006-09-12,5895.5,0.007639980857318651,0.007610944003794776
2006-09-13,5892.2,-0.0005597489610720263,-0.0005599056790062662
2006-09-14,5877.2,-0.002545738433861744,-0.002548984335930586
2006-09-15,5877.0,-3.402981011357831e-05,-3.403038914070265e-05
2006-09-18,5890.2,0.0022460438999489796,0.002243525313880295
2006-09-19,5831.8,-0.009914773691894974,-0.009964252378885995
2006-09-20,5866.2,0.0058986933708289335,0.005881364192035901
2006-09-21,5896.7,0.005199277215232945,0.005185807641312284
2006-09-22,5822.3,-0.012617226584360708,-0.012697499718680469
2006-09-25,5798.3,-0.004122082338594679,-0.004130601539288548
2006-09-26,5873.6,0.012986565027680586,0.012902962619546073
2006-09-27,5930.1,0.009619313538545393,0.009573342513423783
2006-09-28,5971.3,0.006947606279826601,0.006923582869264799
2006-09-29,5960.8,-0.0017584110662669517,-0.0017599588857406623
2006-10-02,5957.8,-0.0005032881492417207,-0.0005034148412324727
2006-10-03,5937.1,-0.0034744368726711272,-0.0034804867457952737
2006-10-04,5966.5,0.004951912549898019,0.004939692157220304
2006-10-05,6004.5,0.006368892985837649,0.006348697291027653
2006-10-06,6001.2,-0.0005495878091431594,-0.0005497388878796959
2006-10-09,6030.9,0.004949010197960346,0.004936804102486037
2006-10-10,6072.7,0.00693097216004257,0.006907063382973529
2006-10-11,6073.5,0.00013173711857983328,0.0001317284420076368
2006-10-12,6121.3,0.007870256030295675,0.007839447109127129
2006-10-13,6157.3,0.005881103687125355,0.005863877503154991
2006-10-16,6172.4,0.002452373605313918,0.0024493714444421832
2006-10-17,6108.6,-0.010336335947119357,-0.010390126855844582
2006-10-18,6150.4,0.0068428117735650495,0.0068195059947135294
2006-10-19,6156.0,0.0009105098855359817,0.0009100956228512615
2006-10-20,6155.2,-0.0001299545159194615,-0.00012996296073920167
2006-10-23,6166.1,0.0017708604107098402,0.0017692942860655593
2006-10-24,6182.5,0.002659703864679397,0.0026561731114751706
2006-10-25,6214.6,0.005192074403558511,0.005178642059676983
2006-10-26,6184.8,-0.004795159785022429,-0.004806693448983238
2006-10-27,6160.9,-0.0038643125080843888,-0.0038717982547304412
2006-10-30,6126.8,-0.005534905614439367,-0.005550279961135598
2006-10-31,6129.2,0.00039172161650458115,0.0003916449136222936
2006-11-01,6149.6,0.0033283299614959017,0.0033228033309011602
2006-11-02,6149.3,-4.878366072591511e-05,-4.878485068739263e-05
2006-11-03,6148.1,-0.00019514416275023816,-0.00019516320584983936
2006-11-06,6224.5,0.012426603340869535,0.012350026843455618
2006-11-07,6244.0,0.003132781749538127,0.0031278848134820574
2006-11-08,6239.0,-0.0008007687379885109,-0.0008010895245363727
2006-11-09,6231.5,-0.0012021157236736801,-0.0012028388443548169
2006-11-10,6208.4,-0.003706972639011541,-0.003713860489402134
2006-11-13,6194.2,-0.0022872237613555946,-0.002289843452932363
2006-11-14,6186.6,-0.0012269542475218387,-0.001227707572144203
2006-11-15,6229.8,0.0069828338667441425,0.006958566785510259
2006-11-16,6254.9,0.004029021798452437,0.004020927025519471
2006-11-17,6192.0,-0.010056116005051963,-0.01010702029341977
2006-11-20,6204.5,0.002018733850129184,0.0020166989451112327
2006-11-21,6202.6,-0.00030622934966550996,-0.0003062762474473708
2006-11-22,6160.3,-0.006819720762261006,-0.00684308132682987
2006-11-23,6140.0,-0.003295294060354226,-0.00330073549920889
2006-11-24,6122.1,-0.0029153094462540663,-0.002919567238038374
2006-11-27,6050.1,-0.011760670358210379,-0.011830374089243933
2006-11-28,6025.9,-0.003999933885390439,-0.0040079550174109396
2006-11-29,6084.4,0.009708093396836981,0.009661272641092901
2006-11-30,6048.8,-0.005851028860692775,-0.0058682131935276
2006-12-01,6021.5,-0.004513291892606852,-0.0045235075435256095
2006-12-04,6050.4,0.004799468570954035,0.004787987841285137
2006-12-05,6086.4,0.005950019833399489,0.005932388369196762
2006-12-06,6090.3,0.0006407728706625537,0.0006405676633828243
2006-12-07,6131.5,0.006764855590036589,0.006742076627681494
2006-12-08,6152.4,0.0034086275788958176,0.0034028313755744295
2006-12-11,6159.8,0.0012027826539238173,0.0012020598903611257
2006-12-12,6156.4,-0.0005519659729212867,-0.0005521183622173023
2006-12-13,6192.5,0.005863816516145759,0.005846691257715609
2006-12-14,6228.0,0.0057327412192167415,0.005716371590374273
2006-12-15,6260.0,0.005138086062941527,0.005124931140255235
2006-12-18,6247.4,-0.0020127795527157266,-0.0020148079157016876
2006-12-19,6203.9,-0.006962896564971066,-0.006987250645059664
2006-12-20,6198.6,-0.0008543013265848165,-0.0008546664499281677
2006-12-21,6183.7,-0.00240376859290814,-0.002406662282736167
2006-12-22,6190.0,0.001018807510066777,0.0010182888779231508
2006-12-27,6245.2,0.008917609046849684,0.008878081988723353
2006-12-28,6240.9,-0.0006885287901108317,-0.0006887659349185038
2006-12-29,6220.8,-0.003220689323655157,-0.003225886906381401
2007-01-02,6310.9,0.014483667695473157,0.014379781283245359
2007-01-03,6319.0,0.0012834936379915174,0.001282670664144666
2007-01-04,6287.0,-0.005064092419686639,-0.005076958390394151
2007-01-05,6220.1,-0.010641005248926305,-0.01069802560865422
2007-01-08,6194.2,-0.004163920194209192,-0.004172613450309779
2007-01-09,6196.1,0.00030673856188045967,0.0003066915272257698
2007-01-10,6160.7,-0.005713271251271079,-0.00572965441624368
2007-01-11,6230.1,0.01126495365786373,0.011201976581963851
2007-01-12,6239.0,0.0014285484984188912,0.0014275290937432491
2007-01-15,6263.5,0.003926911364000585,0.003919221173460205
2007-01-16,6215.7,-0.00763151592560074,-0.007660784949700086
2007-01-17,6204.5,-0.001801888765545323,-0.0018035141198722837
2007-01-18,6210.3,0.0009348053831896852,0.0009343687247433876
2007-01-19,6237.2,0.004331513775502005,0.004322159771312789
2007-01-22,6218.4,-0.0030141730263579802,-0.0030187247947204786
2007-01-23,6227.6,0.001479480252154941,0.0014783868995095972
2007-01-24,6314.8,0.01400218382683538,0.013905058842052323
2007-01-25,6269.3,-0.00720529549629445,-0.007231379006342062
2007-01-26,6228.0,-0.006587657314213735,-0.00660945169734083
2007-01-29,6239.9,0.0019107257546562284,0.0019089026401466406
2007-01-30,6242.0,0.00033654385486947547,0.00033648723668899453
2007-01-31,6203.1,-0.0062319769304709505,-0.006251476755890715
2007-02-01,6282.2,0.012751688671793104,0.012671070511559208
2007-02-02,6310.9,0.0045684632771958444,0.004558059522917447
2007-02-05,6317.9,0.001109192032832107,0.0011085773338534077
2007-02-06,6346.3,0.004495164532518858,0.004485091455908619
2007-02-07,6369.5,0.0036556733844916867,0.003649007650768927
2007-02-08,6346.4,-0.0036266582934296743,-0.003633250562048426
2007-02-09,6382.8,0.005735535106517142,0.005719149548479092
2007-02-12,6353.5,-0.0045904618662656604,-0.004601030391683222
2007-02-13,6381.8,0.0044542378216732015,0.004444347064035575
2007-02-14,6421.2,0.006173806762982181,0.006154826896634676
2007-02-15,6433.3,0.0018843829813741664,0.0018826097590344633
2007-02-16,6419.5,-0.0021450888346572494,-0.002147392833155492
2007-02-19,6444.4,0.003878806760650999,0.003871303585693077
2007-02-20,6412.3,-0.004981068834957414,-0.004993515708016754
2007-02-21,6357.1,-0.008608455624346978,-0.00864572240555468
2007-02-22,6380.9,0.0037438454641265384,0.003736854717447639
2007-02-23,6401.5,0.003228384710620924,0.0032231846655259703
2007-02-26,6434.7,0.005186284464578694,0.005172882010625228
2007-02-27,6286.1,-0.023093539714361122,-0.023364373298081133
2007-02-28,6171.5,-0.018230699479804713,-0.018398926414794327
2007-03-01,6116.0,-0.00899295147046908,-0.009033632135030438
2007-03-02,6116.2,3.270111183772961e-05,3.270057716802807e-05
2007-03-05,6058.7,-0.009401262221640838,-0.009445733027924013
2007-03-06,6138.5,0.013171142324261087,0.013085157022697757
2007-03-07,6156.5,0.002932312454182684,0.002928021612031624
2007-03-08,6227.7,0.011565012588321322,0.01149864900393238
2007-03-09,6245.2,0.0028100261733865484,0.002806085430506606
2007-03-12,6233.3,-0.0019054633958879297,-0.0019072811006781156
2007-03-13,6161.2,-0.011566906774902574,-0.011634323816384459
2007-03-14,6000.7,-0.026050120106472785,-0.02639543467847014
2007-03-15,6133.2,0.022080757244988147,0.021840507490401815
2007-03-16,6130.6,-0.00042392225917942117,-0.0004240121396227797
2007-03-19,6189.4,0.009591230874628875,0.009545527024844814
2007-03-20,6220.3,0.004992406372184899,0.004979985633921266
2007-03-21,6256.8,0.005867884185650318,0.0058507352060245665
2007-03-22,6318.0,0.009781357882623576,0.009733830074628708
2007-03-23,6339.4,0.0033871478315921077,0.003381424366881543
2007-03-26,6291.9,-0.007492822664605492,-0.007521034874753364
2007-03-27,6292.6,0.00011125415216395318,0.00011124796387974361
2007-03-28,6267.2,-0.00403648730254591,-0.004044655906471747
2007-03-29,6324.2,0.009094970640796562,0.009053860471165725
2007-03-30,6308.0,-0.0025615888175579693,-0.0025648752998035647
2007-04-02,6315.5,0.0011889663918833726,0.0011882601311009832
2007-04-03,6366.1,0.00801203388488636,0.00798010795577846
2007-04-04,6364.7,-0.00021991486153227768,-0.00021993904635123814
2007-04-05,6397.3,0.005122001036969692,0.0051089282100121305
2007-04-10,6417.8,0.003204476888687413,0.003199353494902513
2007-04-11,6413.3,-0.000701174857427822,-0.0007014207954886097
2007-04-12,6416.4,0.00048337049568858426,0.0004832537098029186
2007-04-13,6462.4,0.007169129106664229,0.007143553066462285
2007-04-16,6516.2,0.008325080465461765,0.008290618118848594
2007-04-17,6497.8,-0.0028237316227248677,-0.0028277258737641046
2007-04-18,6449.4,-0.007448674936132327,-0.007476554847160137
2007-04-19,6440.6,-0.0013644680125282083,-0.00136539974665086
2007-04-20,6486.8,0.007173244728752026,0.0071476393847975
2007-04-23,6479.7,-0.0010945304310292503,-0.0010951298669019298
2007-04-24,6429.5,-0.007747272250258508,-0.00777743826782384
2007-04-25,6461.9,0.005039272105140213,0.005026617469096431
2007-04-26,6469.4,0.0011606493446199018,0.0011599763118889791
2007-04-27,6418.7,-0.007836893684112889,-0.007867763523626399
2007-04-30,6449.2,0.004751741006745913,0.004740487121731814
2007-05-01,6419.6,-0.004589716553991097,-0.0046002816425834946
2007-05-02,6484.5,0.010109664153529652,0.010058903328794874
2007-05-03,6537.8,0.008219600586012898,0.008186003645848108
2007-05-04,6603.7,0.01007984337238832,0.010029380572605513
2007-05-08,6550.4,-0.008071232793736893,-0.008103981527279288
2007-05-09,6549.6,-0.00012212994626270568,-0.00012213740473186722
2007-05-10,6524.1,-0.0038933675338952423,-0.0039009664191869877
2007-05-11,6565.7,0.006376358424916795,0.00635611545691223
2007-05-14,6555.5,-0.0015535281843519488,-0.0015547361605071726
2007-05-15,6568.6,0.0019983220196782003,0.0019963280302111794
2007-05-16,6559.5,-0.0013853789239717251,-0.0013863394485827453
2007-05-17,6579.3,0.0030185227532586456,0.0030139761604840785
2007-05-18,6640.9,0.009362698159378624,0.009319139772575374
2007-05-21,6636.8,-0.0006173861976538353,-0.0006175768589908527
2007-05-22,6606.6,-0.004550385728061657,-0.004560770247552995
2007-05-23,6616.4,0.0014833651197285747,0.0014822660204654502
2007-05-24,6565.4,-0.00770811921891057,-0.007737980317435914
2007-05-25,6570.5,0.0007767995857068666,0.000776498033062564
2007-05-29,6606.5,0.005479035081044081,0.005464079770578854
2007-05-30,6602.1,-0.0006660107469915744,-0.0006662326306725424
2007-05-31,6621.4,0.0029233122794261046,0.0029190477111728967
2007-06-01,6676.7,0.008351708097985355,0.008317025555752854
2007-06-04,6664.1,-0.0018871598244640797,-0.0018889427540341001
2007-06-05,6632.8,-0.0046968082711844605,-0.0047078729344817586
2007-06-06,6522.7,-0.016599324568809637,-0.016738637171922203
2007-06-07,6505.1,-0.002698269121682695,-0.0027019160114798517
2007-06-08,6505.1,0.0,0.0
2007-06-11,6567.5,0.009592473597638707,0.009546757941087926
2007-06-12,6520.4,-0.0071716787209745725,-0.007197518827560303
2007-06-13,6559.6,0.006011901110361428,0.005993901737155957
2007-06-14,6649.9,0.013766083297761966,0.013672191473558458
2007-06-15,6732.4,0.012406201597016553,0.0123298753091621
2007-06-18,6703.5,-0.0042926742320716915,-0.004301914210395188
2007-06-19,6650.2,-0.00795107033639142,-0.007982848655995517
2007-06-20,6649.3,-0.00013533427566081446,-0.00013534343417021493
2007-06-21,6596.0,-0.008015881370971423,-0.00804818127196059
2007-06-22,6567.4,-0.004335961188599247,-0.004345388729818658
2007-06-25,6588.4,0.0031976124493711122,0.0031925109588497396
2007-06-26,6559.3,-0.004416853864367631,-0.00442663698108992
2007-06-27,6527.6,-0.004832832771789697,-0.004844548670651232
2007-06-28,6571.3,0.006694650407500502,0.006672340750346573
2007-06-29,6607.9,0.0055696741892774515,0.0055542209072673146
2007-07-02,6590.6,-0.002618078360749898,-0.0026215115213996457
2007-07-03,6639.8,0.0074651776772980405,0.007437451141927271
2007-07-04,6673.1,0.005015211301545364,0.005002677019924903
2007-07-05,6635.2,-0.005679519263910415,-0.005695709062728997
2007-07-06,6690.1,0.008274053532674408,0.008240011201551073
2007-07-09,6712.7,0.003378125887505412,0.003372432837872237
2007-07-10,6630.9,-0.01218585665976435,-0.012260712958033826
2007-07-11,6615.1,-0.002382783634197305,-0.002385626980738747
2007-07-12,6697.7,0.012486583725113576,0.012409269268903489
2007-07-13,6716.7,0.0028367947205756305,0.002832778611890096
2007-07-16,6697.7,-0.002828770080545495,-0.0028327786118901746
2007-07-17,6659.1,-0.005763172432327379,-0.005779843593946169
2007-07-18,6567.1,-0.013815680797705343,-0.013912005539272883
2007-07-19,6640.2,0.011131245146259294,0.01106974877034285
2007-07-20,6585.2,-0.008282883045691358,-0.008317376724927883
2007-07-23,6624.4,0.005952742513515075,0.0059350949414690825
2007-07-24,6498.7,-0.018975303423706236,-0.019157644834274408
2007-07-25,6454.3,-0.006832135657900751,-0.006855581548082658
2007-07-26,6251.2,-0.0314673938304697,-0.03197313003217265
2007-07-27,6215.2,-0.005758894292295924,-0.00577554066459516
2007-07-30,6206.1,-0.0014641524005662987,-0.0014652253190977173
2007-07-31,6360.1,0.024814295612381354,0.024511421163885494
2007-08-01,6250.6,-0.01721671042908135,-0.017366641358256732
2007-08-02,6300.3,0.007951236681278617,0.007919792170750194
2007-08-03,6224.3,-0.012062917638842596,-0.012136265082733355
2007-08-06,6189.1,-0.0056552544061179155,-0.005671305902787909
2007-08-07,6308.8,0.019340453377712397,0.019155803815391757
2007-08-08,6393.9,0.013489094598021723,0.013398926711939851
2007-08-09,6271.2,-0.0191901656266128,-0.019376686960790177
2007-08-10,6038.3,-0.03713802780966957,-0.037845208515736244
2007-08-13,6219.0,0.029925641322888774,0.02948660674511302
2007-08-14,6143.5,-0.012140215468724902,-0.012214509796263363
2007-08-15,6109.3,-0.005566859282168157,-0.00558241198998209
2007-08-16,5858.9,-0.04098669241975361,-0.04185032767751447
2007-08-17,6064.2,0.03504070730000519,0.034440756668542426
2007-08-20,6078.7,0.0023910820883217276,0.0023882280002124395
2007-08-21,6086.1,0.0012173655551352969,0.0012166251665093708
2007-08-22,6196.0,0.018057540953976936,0.01789644006136566
2007-08-23,6196.9,0.00014525500322792873,0.00014524445474141528
2007-08-24,6220.1,0.003743807387564857,0.003736816782906296
2007-08-28,6102.2,-0.0189546791852222,-0.01913662189594704
2007-08-29,6132.2,0.004916259709612847,0.004904214367402049
2007-08-30,6212.0,0.013013274191970181,0.012929329022715612
2007-08-31,6303.3,0.014697359948486755,0.01459040049453541
2007-09-03,6315.2,0.0018878999888947146,0.001886120145469531
2007-09-04,6376.8,0.009754243729414913,0.00970697820513094
2007-09-05,6270.7,-0.016638439342616995,-0.016778412975112632
2007-09-06,6313.3,0.006793499928237745,0.0067705280883750335
2007-09-07,6191.2,-0.019340123231907258,-0.01952959027072643
2007-09-10,6134.1,-0.009222767799457188,-0.009265560839130983
2007-09-11,6280.7,0.02389918651472911,0.023618071101520952
2007-09-12,6306.2,0.004060057000015993,0.004051837209628033
2007-09-13,6363.9,0.009149725666804054,0.009108120518147243
2007-09-14,6289.3,-0.011722371501752038,-0.011791620203216894
2007-09-17,6182.8,-0.016933522013578672,-0.017078533465034133
2007-09-18,6283.3,0.016254771301028592,0.01612407687602399
2007-09-19,6460.0,0.028122165104324193,0.027733997622460007
2007-09-20,6429.0,-0.0047987616099071095,-0.004810312634960813
2007-09-21,6456.7,0.004308601648778998,0.0042993462005311844
2007-09-24,6465.9,0.0014248764848916462,0.0014238623116598027
2007-09-25,6396.9,-0.010671368254999258,-0.01072871565357971
2007-09-26,6433.0,0.0056433585017743315,0.005627494410702459
2007-09-27,6486.4,0.008300948235659744,0.008266684846680411
2007-09-28,6466.8,-0.003021706956092718,-0.0030262815302295482
2007-10-01,6506.2,0.006092657883342456,0.00607417268795066
2007-10-02,6500.4,-0.0008914573791153346,-0.0008918549635486704
2007-10-03,6535.2,0.005353516706664285,0.005339237575806119
2007-10-04,6547.9,0.0019433223160729707,0.0019414365080209011
2007-10-05,6595.8,0.00731532246979949,0.007288695277192679
2007-10-08,6540.9,-0.008323478577276555,-0.008358312150761037
2007-10-09,6615.4,0.011389869895580107,0.011325493690687066
2007-10-10,6633.0,0.0026604589291654435,0.002656926172756911
2007-10-11,6724.5,0.013794663048394495,0.013700382738047993
2007-10-12,6730.7,0.0009220016358093552,0.0009215768533811487
2007-10-15,6644.5,-0.012806988871885472,-0.012889705345422529
2007-10-16,6614.3,-0.004545112499059312,-0.00455547292766883
2007-10-17,6677.7,0.009585292472370499,0.009539645020780554
2007-10-18,6609.4,-0.010228072539946398,-0.010280738697174397
2007-10-19,6527.9,-0.012330922625351737,-0.012407579268339053
2007-10-22,6459.3,-0.01050873941083652,-0.010564346126914951
2007-10-23,6514.0,0.00846840988961639,0.008432754063933078
2007-10-24,6482.0,-0.004912496162112423,-0.004924602134686162
2007-10-25,6576.3,0.014547979018821433,0.014443172431898908
2007-10-26,6661.3,0.0129252011009231,0.012842383548135165
2007-10-29,6706.0,0.006710401873508243,0.006687987344647324
2007-10-30,6659.0,-0.0070086489710706745,-0.0070333249155514746
2007-10-31,6721.6,0.009400810932572501,0.00935689830449529
2007-11-01,6586.1,-0.020158890740299973,-0.020364853871030732
2007-11-02,6530.6,-0.00842683834135527,-0.00846254488056206
2007-11-05,6461.4,-0.010596269868006103,-0.010652810100634716
2007-11-06,6474.9,0.0020893304856532957,0.0020871508701442373
2007-11-07,6385.1,-0.013868940060850266,-0.013966012381911865
2007-11-08,6381.9,-0.0005011667789072138,-0.0005012924049521743
2007-11-09,6304.9,-0.012065372381265815,-0.012138749801159985
2007-11-12,6337.9,0.00523402433028286,0.005220374433482573
2007-11-13,6362.4,0.0038656337272597874,0.0038581813644324872
2007-11-14,6432.1,0.010954985540047923,0.010895414358701104
2007-11-15,6359.6,-0.011271590926758002,-0.011335596727072435
2007-11-16,6291.2,-0.010755393420969983,-0.010813650761761414
2007-11-19,6120.8,-0.02708545269582907,-0.02745902459515059
2007-11-20,6226.5,0.01726898444647751,0.017121570243560955
2007-11-21,6070.9,-0.02498996225809047,-0.02530751291737705
2007-11-22,6155.3,0.013902386796027066,0.01380663504801923
2007-11-23,6262.1,0.01735090084967439,0.01720209280586671
2007-11-26,6180.5,-0.013030772424586057,-0.01311641776983407
2007-11-27,6140.7,-0.006439608445918621,-0.006460432170280509
2007-11-28,6306.2,0.02695132476753459,0.026594534270669837
2007-11-29,6349.1,0.006802828961973928,0.006779794130036315
2007-11-30,6432.5,0.013135720023310427,0.013050194597595736
2007-12-03,6386.6,-0.0071356393315196165,-0.007161219766999163
2007-12-04,6315.2,-0.011179657407697441,-0.01124261948031747
2007-12-05,6493.8,0.028280972890803113,0.027888449620573033
2007-12-06,6485.6,-0.001262742924019844,-0.001263540855658344
2007-12-07,6554.9,0.01068521031207581,0.010628526877806199
2007-12-10,6565.4,0.0016018551007643822,0.0016005734993264542
2007-12-11,6536.9,-0.004340938861303156,-0.004350388092005583
2007-12-12,6559.8,0.003503189585277511,0.0034970677098696674
2007-12-13,6364.2,-0.029817982255556652,-0.030271577929014647
2007-12-14,6397.0,0.005153829232267926,0.00514059371065801
2007-12-17,6277.8,-0.018633734563076376,-0.018809529835080937
2007-12-18,6279.3,0.000238937207301948,0.0002389086663536705
2007-12-19,6284.5,0.0008281177838294074,0.0008277750834819109
2007-12-20,6345.6,0.009722332723367089,0.00967537496058474
2007-12-21,6434.1,0.013946671709531122,0.01385031178354878
2007-12-24,6479.3,0.007025069551297003,0.00700050871084965
2007-12-27,6497.8,0.0028552467087494815,0.002851178234357783
2007-12-28,6476.9,-0.0032164732678753305,-0.003221657237067026
2007-12-31,6456.9,-0.0030878969877564666,-0.0030926743789227206
2008-01-02,6416.7,-0.006225897876690034,-0.00624535959872068
2008-01-03,6479.4,0.00977137781102444,0.009723946627246693
2008-01-04,6348.5,-0.020202487884680598,-0.02040934895692287
2008-01-07,6335.7,-0.002016224304953962,-0.002018259621407729
2008-01-08,6356.5,0.003282983727133537,0.003277606501738739
2008-01-09,6272.7,-0.013183355620231318,-0.013271027444690102
2008-01-10,6222.7,-0.007971049149489096,-0.008002987798006591
2008-01-11,6202.0,-0.003326530284281759,-0.0033320754870863234
2008-01-14,6215.7,0.0022089648500482895,0.0022065286741522303
2008-01-15,6025.6,-0.03058384413662174,-0.03106128987171325
2008-01-16,5942.9,-0.013724774296335784,-0.01381982975633356
2008-01-17,5902.4,-0.006814854700567086,-0.006838181864088704
2008-01-18,5901.7,-0.00011859582542694813,-0.00011860285846791751
2008-01-21,5578.2,-0.05481471440432417,-0.056374301294076015
2008-01-22,5740.1,0.02902369940124072,0.028610488074778125
2008-01-23,5609.3,-0.022787059458894476,-0.023050697216824345
2008-01-24,5875.8,0.04751038453996048,0.04641628640698297
2008-01-25,5869.0,-0.0011572892201913154,-0.0011579593964693186
2008-01-28,5788.9,-0.013647980916680957,-0.013741970769141165
2008-01-29,5885.2,0.016635284769127123,0.016498434034598497
2008-01-30,5837.3,-0.008139060694623779,-0.00817236367553893
2008-01-31,5879.8,0.007280763366624976,0.0072543865605016545
2008-02-01,6029.2,0.025409027517942828,0.025091584227619566
2008-02-04,6026.2,-0.0004975784515358628,-0.0004977022847731166
2008-02-05,5868.0,-0.02625203279014965,-0.026602769388728676
2008-02-06,5875.4,0.0012610770279481986,0.0012602825381847025
2008-02-07,5724.1,-0.02575143819995218,-0.026088810976830093
2008-02-08,5784.0,0.010464527174577576,0.010410153014373756
2008-02-11,5707.7,-0.013191562932226897,-0.013279344436678879
2008-02-12,5910.0,0.035443348459099244,0.03482969099822221
2008-02-13,5880.1,-0.005059221658206381,-0.00507206284936417
2008-02-14,5879.3,-0.0001360521079574184,-0.00013606136388499338
2008-02-15,5787.6,-0.01559709489224903,-0.015720009323968193
2008-02-19,5966.9,0.03098002626304508,0.030509831678436156
2008-02-20,5893.6,-0.012284435804186256,-0.012360513172758695
2008-02-21,5932.2,0.006549477399212522,0.006528122762538254
2008-02-22,5888.5,-0.007366575638043216,-0.007393842849539097
2008-02-25,5999.5,0.018850301435000327,0.01867483612284032
2008-02-26,6087.4,0.014651220935077758,0.014544928746752329
2008-02-27,6076.5,-0.0017905838288924114,-0.0017921888403410811
2008-02-28,5965.7,-0.01823418086069284,-0.01840247244853039
2008-02-29,5884.3,-0.013644668689340667,-0.01373861271672692
2008-03-03,5818.6,-0.011165304284281863,-0.011228104185043216
2008-03-04,5767.7,-0.008747808751246144,-0.008786295444093806
2008-03-05,5853.5,0.014875947084626473,0.014766385403266493
2008-03-06,5766.4,-0.01487998633296328,-0.014991803945763134
2008-03-07,5699.9,-0.011532325194228643,-0.011599338164867004
2008-03-10,5629.1,-0.012421270548605978,-0.012499059358082754
2008-03-11,5690.4,0.010889840294185493,0.010830972968291141
2008-03-12,5776.4,0.015113173063405094,0.015000106833104708
2008-03-13,5692.4,-0.014541929229277772,-0.014648699442905212
2008-03-14,5631.7,-0.010663340594476822,-0.010720601435820513
2008-03-17,5414.4,-0.038585151907949644,-0.039349279401834886
2008-03-18,5605.8,0.0353501773049647,0.03473970505511566
2008-03-19,5545.6,-0.010738877591066398,-0.010796955505678009
2008-03-20,5495.2,-0.009088286208886465,-0.009129836621615232
2008-03-25,5689.1,0.03528533993303262,0.034677079478172244
2008-03-26,5660.4,-0.005044734668049555,-0.005057502299627777
2008-03-27,5717.5,0.010087626316161558,0.01003708581872006
2008-03-28,5692.9,-0.004302579798863171,-0.004311862531359685
2008-03-31,5702.1,0.0016160480598641502,0.0016147436593251367
2008-04-01,5852.6,0.02639378474597076,0.026051478909267005
2008-04-02,5915.9,0.010815705840139245,0.010757634440609672
2008-04-03,5891.3,-0.004158285298940023,-0.004166955009687782
2008-04-04,5947.1,0.00947159370597328,0.009427019401070935
2008-04-07,6014.8,0.011383699618301435,0.011319392882003695
2008-04-08,5990.2,-0.004089911551506398,-0.0040982981144337
2008-04-09,5983.9,-0.0010517178057494192,-0.0010522712489989929
2008-04-10,5965.1,-0.003141763732682601,-0.003146709433891695
2008-04-11,5895.5,-0.0116678680994452,-0.011736471834112762
2008-04-14,5831.6,-0.01083877533712152,-0.010897942786061165
2008-04-15,5906.9,0.012912408258453745,0.012829753866061515
2008-04-16,6046.2,0.023582589852545466,0.02330881641768333
2008-04-17,5980.4,-0.010882868578611427,-0.010942520174639064
2008-04-18,6056.5,0.012724901344391748,0.012644620117084194
2008-04-21,6053.0,-0.00057789152150578,-0.0005780585651696057
2008-04-22,6034.7,-0.0030232942342640623,-0.003027873620494667
2008-04-23,6083.6,0.008103136858501836,0.008070482727021207
2008-04-24,6050.7,-0.005407982115852583,-0.00542265818700341
2008-04-25,6091.4,0.0067264944551870265,0.006703972530682674
2008-04-28,6090.4,-0.00016416587319822984,-0.00016417934989015342
2008-04-29,6089.4,-0.00016419282805724134,-0.00016420630917532284
2008-04-30,6087.3,-0.0003448615627154039,-0.0003449210411390643
2008-05-01,6087.3,0.0,0.0
2008-05-02,6215.5,0.021060240172161793,0.020841538590081914
2008-05-06,6215.2,-4.826643069744119e-05,-4.826759555908995e-05
2008-05-07,6261.0,0.007369030763290096,0.0073420121090995135
2008-05-08,6270.8,0.0015652451685035373,0.001564021449065645
2008-05-09,6204.7,-0.010540919818842975,-0.010596868830841686
2008-05-12,6220.6,0.002562573532967072,0.0025592957399407337
2008-05-13,6211.9,-0.00139857891521733,-0.00139955783955012
2008-05-14,6216.0,0.000660023503276097,0.0006598057835584785
2008-05-15,6251.8,0.005759330759330883,0.005742809218924841
2008-05-16,6304.3,0.008397581496528916,0.00836251797148163
2008-05-19,6376.5,0.011452500674143051,0.011387417229064717
2008-05-20,6191.6,-0.028997098721869285,-0.029425822767231997
2008-05-21,6198.1,0.0010498094192130658,0.0010492587546662533
2008-05-22,6181.6,-0.0026621061292977366,-0.002665655835014671
2008-05-23,6087.3,-0.015254950174712123,-0.015372503977685914
2008-05-27,6058.5,-0.0047311615987384315,-0.004742388970111111
2008-05-28,6069.6,0.0018321366674920458,0.0018304603522879272
2008-05-29,6068.1,-0.00024713325425074206,-0.0002471637967055615
2008-05-30,6053.5,-0.002406024950149188,-0.0024089240793646258
2008-06-02,6007.6,-0.007582390352688484,-0.0076112828163692635
2008-06-03,6057.7,0.008339436713496129,0.008304855735380558
2008-06-04,5970.1,-0.014460934017861526,-0.014566512401684772
2008-06-05,5995.3,0.004221034823537195,0.004212151245866656
2008-06-06,5906.8,-0.014761563224525931,-0.014871599311369483
2008-06-09,5877.6,-0.004943455001015784,-0.004955714293551196
2008-06-10,5827.3,-0.008557914795154553,-0.008594744019421435
2008-06-11,5723.3,-0.017847030357112215,-0.01800820919201794
2008-06-12,5790.5,0.011741477818740798,0.011673081529803843
2008-06-13,5802.8,0.002124168897331913,0.0021219160403148315
2008-06-16,5794.6,-0.001413110911973492,-0.0014141102948017341
2008-06-17,5861.9,0.011614261553860361,0.011547333731161655
2008-06-18,5756.9,-0.017912281001040586,-0.018074647734228864
2008-06-19,5708.4,-0.008424673001094285,-0.00846036114064206
2008-06-20,5620.8,-0.015345806180365629,-0.01546477171467337
2008-06-23,5667.2,0.008255052661542805,0.00822116607695178
2008-06-24,5634.7,-0.005734754376058748,-0.005751261218645998
2008-06-25,5666.1,0.005572612561449697,0.00555714300004176
2008-06-26,5518.2,-0.026102610261026227,-0.02644933023320329
2008-06-27,5529.9,0.0021202566054148164,0.002118012033530709
2008-06-30,5625.9,0.017360169261650293,0.017211203103748424
2008-07-01,5479.9,-0.025951403331022638,-0.026294082673607336
2008-07-02,5426.3,-0.00978120038686825,-0.009829350562315526
2008-07-03,5476.6,0.009269668097967365,0.009226968396516837
2008-07-04,5412.8,-0.011649563597852741,-0.01171795140813592
2008-07-07,5512.7,0.018456251847472682,0.018288002249649687
2008-07-08,5440.5,-0.013097030493224748,-0.013183552885026959
2008-07-09,5529.6,0.016377171215880892,0.016244511778615047
2008-07-10,5406.8,-0.02220775462962965,-0.022458059560009132
2008-07-11,5261.6,-0.026855071391580942,-0.02722225762253139
2008-07-14,5300.4,0.007374182758096204,0.007347126403339636
2008-07-15,5171.9,-0.024243453324277464,-0.02454216356577799
2008-07-16,5150.6,-0.004118409095303366,-0.004126913098715758
2008-07-17,5286.3,0.026346445074360236,0.026005355516807296
2008-07-18,5376.4,0.017044057280139135,0.016900436954198524
2008-07-21,5404.3,0.005189346030801456,0.0051759277759800435
2008-07-22,5364.1,-0.007438521177580815,-0.007466324941301163
2008-07-23,5449.9,0.015995227531179435,0.01586865183342648
2008-07-24,5362.3,-0.01607368942549392,-0.01620427236163648
2008-07-25,5352.6,-0.0018089252746023021,-0.0018105633556690856
2008-07-28,5312.6,-0.007473003773866949,-0.007501066562869198
2008-07-29,5319.2,0.0012423295561494463,0.001241558503321481
2008-07-30,5420.7,0.01908181681455856,0.018902042297649562
2008-07-31,5411.9,-0.0016234065711070444,-0.0016247257234282752
2008-08-01,5354.7,-0.010569300984866636,-0.01062555275889465
2008-08-04,5320.2,-0.0064429379797187325,-0.006463783289555442
2008-08-05,5454.5,0.025243411901808344,0.02493005942379525
2008-08-06,5486.1,0.005793381611513437,0.005776664510885521
2008-08-07,5477.5,-0.0015675981115911286,-0.001568828079075387
2008-08-08,5489.2,0.0021360109539023675,0.0021337329258565795
2008-08-11,5541.8,0.009582452816439657,0.009536832321402337
2008-08-12,5534.5,-0.0013172615395720122,-0.0013181298912017334
2008-08-13,5448.6,-0.015520823922666849,-0.015642532901840946
2008-08-14,5497.4,0.008956429174466596,0.008916558253233817
2008-08-15,5454.8,-0.007749117764761393,-0.007779298193392733
2008-08-18,5450.2,-0.0008432939796143568,-0.000843649752010259
2008-08-19,5320.4,-0.023815639793035137,-0.024103816752527533
2008-08-20,5371.8,0.009660927749793435,0.009614559389024351
2008-08-21,5370.2,-0.0002978517442943085,-0.00029789611093510433
2008-08-22,5505.6,0.025213213660571387,0.02490060428598578
2008-08-26,5470.7,-0.006339000290613295,-0.00635917706520405
2008-08-27,5528.1,0.010492258760304907,0.010437597030912925
2008-08-28,5601.2,0.013223349794685202,0.013136684472696966
2008-08-29,5636.6,0.006320074269799525,0.006300186351839405
2008-09-01,5602.8,-0.005996522726466336,-0.006014574068569586
2008-09-02,5620.7,0.0031948311558505083,0.003189738526637417
2008-09-03,5499.7,-0.02152756774067288,-0.021762666013169785
2008-09-04,5362.1,-0.02501954652071925,-0.025337855898806175
2008-09-05,5240.7,-0.022640383431864475,-0.02290061220025964
2008-09-08,5446.3,0.039231400385444815,0.038481401839089706
2008-09-09,5415.6,-0.005636854378201717,-0.005652801397427421
2008-09-10,5366.2,-0.009121796292193007,-0.009163654619187878
2008-09-11,5318.4,-0.008907606872647356,-0.0089475167806937
2008-09-12,5416.7,0.018483002406738835,0.018314267695918467
2008-09-15,5204.2,-0.03923052781213654,-0.04002078204768288
2008-09-16,5025.6,-0.03431843511010324,-0.03492114208492774
2008-09-17,4912.4,-0.022524673670805573,-0.02278222904815316
2008-09-18,4880.0,-0.006595554107971635,-0.006617400889036148
2008-09-19,5311.3,0.0883811475409837,0.08469140651727726
2008-09-22,5236.3,-0.014120836706644324,-0.014221484330481354
2008-09-23,5136.1,-0.019135649217959183,-0.019321105448752967
2008-09-24,5095.6,-0.007885360487529414,-0.007916614349603819
2008-09-25,5197.0,0.01989952115550664,0.01970411377280999
2008-09-26,5088.5,-0.02087742928612657,-0.02109844437645557
2008-09-29,4818.8,-0.05300186695489828,-0.05445815723928856
2008-09-30,4902.5,0.017369469577488195,0.017220344677803708
2008-10-01,4959.6,0.011647118816930258,0.011579813235185761
2008-10-02,4870.3,-0.018005484313251108,-0.018169555483644354
2008-10-03,4980.3,0.022585877666673415,0.02233459334609727
2008-10-06,4589.2,-0.07852940585908486,-0.08178441324315218
2008-10-07,4605.2,0.003486446439466606,0.0034803828745214823
2008-10-08,4366.7,-0.05178928168157737,-0.0531785247197256
2008-10-09,4313.8,-0.01211441134037139,-0.012188388891510029
2008-10-10,3932.1,-0.08848347164912607,-0.09264555189466414
2008-10-13,4256.9,0.08260217186744989,0.07936756153746626
2008-10-14,4394.2,0.032253517818130684,0.03174429369119406
2008-10-15,4079.6,-0.07159437440262162,-0.07428654514590675
2008-10-16,3861.4,-0.05348563584665156,-0.05496913237464665
2008-10-17,4063.0,0.05220904335215204,0.050891804986010376
2008-10-20,4282.7,0.05407334481909909,0.05266203481299439
2008-10-21,4229.7,-0.012375370677376374,-0.012452583261296087
2008-10-22,4040.9,-0.04463673546587221,-0.045663629117060706
2008-10-23,4087.8,0.011606325323566535,0.01153948858531316
2008-10-24,3883.4,-0.05000244630363526,-0.051295869447324165
2008-10-27,3852.6,-0.007931194314260703,-0.007962813532295682
2008-10-28,3926.4,0.019155894720448652,0.018974730488534732
2008-10-29,4242.5,0.08050631621841897,0.07742974259178914
2008-10-30,4291.6,0.01157336476134363,0.011506905654209854
2008-10-31,4377.3,0.019969242240656104,0.019772472175495204
2008-11-03,4443.3,0.015077787677335364,0.014965247662950189
2008-11-04,4639.5,0.04415637026534336,0.043209258192197446
2008-11-05,4530.7,-0.023450802888242306,-0.023730148867658594
2008-11-06,4272.4,-0.05701105789392369,-0.05870072271003507
2008-11-07,4365.0,0.021674000561745288,0.02144245905816232
2008-11-10,4403.9,0.008911798396334492,0.008872322680732524
2008-11-11,4246.7,-0.035695633415835926,-0.03634830123363237
2008-11-12,4182.0,-0.01523535922010022,-0.015352609732223705
2008-11-13,4169.2,-0.00306073648971783,-0.003065430123411652
2008-11-14,4233.0,0.015302695960855761,0.015186790655756432
2008-11-17,4132.2,-0.023812898653437276,-0.024101008742216132
2008-11-18,4208.5,0.018464740332026608,0.01829633687292331
2008-11-19,4005.7,-0.04818819056671031,-0.049387942898586015
2008-11-20,3875.0,-0.03262850438125664,-0.033172683965597416
2008-11-21,3781.0,-0.024258064516128997,-0.024557137896514477
2008-11-24,4153.0,0.09838667019307068,0.09384243973982075
2008-11-25,4171.3,0.004406453166385882,0.00439677317749312
2008-11-26,4152.7,-0.0044590415458011234,-0.004469012723860103
2008-11-27,4226.1,0.017675247429383534,0.01752085684998462
2008-11-28,4288.0,0.014647074134544802,0.014540841816267011
2008-12-01,4065.5,-0.05188899253731338,-0.05328368710274564
2008-12-02,4122.9,0.014118804575082855,0.014020062581023441
2008-12-03,4170.0,0.011423997671542008,0.011359236563931438
2008-12-04,4163.6,-0.0015347721822540628,-0.0015359511515336854
2008-12-05,4049.4,-0.027428187145739358,-0.0278113626638976
2008-12-08,4300.1,0.06191040647997248,0.06006955624777935
2008-12-09,4381.3,0.018883281784144446,0.01870720576077395
2008-12-10,4367.3,-0.0031953986259786182,-0.003200514813915141
2008-12-11,4388.7,0.004900052664117416,0.0048880864800961285
2008-12-12,4280.4,-0.024677011415681238,-0.024986592499304013
2008-12-15,4277.6,-0.0006541444724790235,-0.0006543585183241555
2008-12-16,4309.1,0.007363942397606182,0.007336960952691484
2008-12-17,4324.2,0.0035042120164301416,0.00349808657123691
2008-12-18,4330.7,0.0015031682160862037,0.0015020395896120121
2008-12-19,4286.9,-0.01011383840949509,-0.010165330757581269
2008-12-22,4249.2,-0.008794233595371903,-0.008833131084622798
2008-12-23,4256.0,0.0016003012331733402,0.0015990221156219897
2008-12-24,4216.6,-0.009257518796992437,-0.009300635935587248
2008-12-29,4319.4,0.024379832092206843,0.024087387617419062
2008-12-30,4392.7,0.016969949530027284,0.01682756847846874
2008-12-31,4434.2,0.009447492430623594,0.009403143976328727
