"Date","Price","Open","High","Low","Vol.","Change %"
"31/12/2008","4,434.20","4,392.70","4,456.20","4,392.70","","0.94%"
"30/12/2008","4,392.70","4,319.40","4,406.10","4,319.40","","1.70%"
"29/12/2008","4,319.40","4,216.60","4,326.30","4,216.60","","2.44%"
"24/12/2008","4,216.60","4,256.00","4,256.00","4,205.20","","-0.93%"
"23/12/2008","4,256.00","4,249.20","4,307.10","4,244.20","","0.16%"
"22/12/2008","4,249.20","4,286.90","4,305.40","4,219.80","","-0.88%"
"19/12/2008","4,286.90","4,330.70","4,330.70","4,200.70","","-1.01%"
"18/12/2008","4,330.70","4,324.20","4,352.70","4,282.60","","0.15%"
"17/12/2008","4,324.20","4,309.10","4,341.10","4,231.10","","0.35%"
"16/12/2008","4,309.10","4,277.60","4,330.10","4,246.10","","0.74%"
"15/12/2008","4,277.60","4,280.40","4,340.70","4,238.90","","-0.07%"
"12/12/2008","4,280.40","4,388.70","4,388.70","4,201.90","","-2.47%"
"11/12/2008","4,388.70","4,367.30","4,430.30","4,307.80","","0.49%"
"10/12/2008","4,367.30","4,381.30","4,407.10","4,330.00","","-0.32%"
"09/12/2008","4,381.30","4,300.10","4,413.00","4,232.60","","1.89%"
"08/12/2008","4,300.10","4,049.40","4,318.00","4,049.40","","6.19%"
"05/12/2008","4,049.40","4,163.60","4,163.60","4,002.20","","-2.74%"
"04/12/2008","4,163.60","4,170.00","4,261.10","4,090.00","","-0.15%"
"03/12/2008","4,170.00","4,122.90","4,190.90","4,042.30","","1.14%"
"02/12/2008","4,122.90","4,065.50","4,137.10","3,973.30","","1.41%"
"01/12/2008","4,065.50","4,288.00","4,288.00","4,038.40","","-5.19%"
"28/11/2008","4,288.00","4,226.10","4,288.00","4,192.50","","1.46%"
"27/11/2008","4,226.10","4,152.70","4,241.70","4,152.70","","1.77%"
"26/11/2008","4,152.70","4,171.30","4,198.70","4,050.70","","-0.45%"
"25/11/2008","4,171.30","4,153.00","4,268.30","4,069.30","","0.44%"
"24/11/2008","4,153.00","3,781.00","4,153.10","3,781.00","","9.84%"
"21/11/2008","3,781.00","3,875.00","3,946.70","3,734.10","","-2.43%"
"20/11/2008","3,875.00","4,005.70","4,005.70","3,812.20","","-3.26%"
"19/11/2008","4,005.70","4,208.50","4,213.20","3,999.10","","-4.82%"
"18/11/2008","4,208.50","4,132.20","4,208.50","4,033.40","","1.85%"
"17/11/2008","4,132.20","4,233.00","4,236.40","4,110.70","","-2.38%"
"14/11/2008","4,233.00","4,169.20","4,342.30","4,169.20","","1.53%"
"13/11/2008","4,169.20","4,182.00","4,198.70","4,079.60","","-0.31%"
"12/11/2008","4,182.00","4,246.70","4,333.40","4,134.50","","-1.52%"
"11/11/2008","4,246.70","4,403.90","4,403.90","4,231.50","","-3.57%"
"10/11/2008","4,403.90","4,365.00","4,524.90","4,365.00","","0.89%"
"07/11/2008","4,365.00","4,272.40","4,408.10","4,263.80","","2.17%"
"06/11/2008","4,272.40","4,530.70","4,530.70","4,260.30","","-5.70%"
"05/11/2008","4,530.70","4,639.50","4,639.50","4,495.70","","-2.35%"
"04/11/2008","4,639.50","4,443.30","4,639.50","4,404.20","","4.42%"
"03/11/2008","4,443.30","4,377.30","4,443.30","4,348.30","","1.51%"
"31/10/2008","4,377.30","4,291.60","4,383.90","4,195.10","","2.00%"
"30/10/2008","4,291.60","4,242.50","4,352.50","4,200.20","","1.16%"
"29/10/2008","4,242.50","3,926.40","4,242.50","3,926.40","","8.05%"
"28/10/2008","3,926.40","3,852.60","4,034.00","3,847.60","","1.92%"
"27/10/2008","3,852.60","3,883.40","3,911.60","3,665.20","","-0.79%"
"24/10/2008","3,883.40","4,087.80","4,087.80","3,715.20","","-5.00%"
"23/10/2008","4,087.80","4,040.90","4,108.40","3,927.60","","1.16%"
"22/10/2008","4,040.90","4,229.70","4,229.70","4,031.80","","-4.46%"
"21/10/2008","4,229.70","4,282.70","4,347.70","4,212.40","","-1.24%"
"20/10/2008","4,282.70","4,063.00","4,282.70","4,063.00","","5.41%"
"17/10/2008","4,063.00","3,861.40","4,077.60","3,861.30","","5.22%"
"16/10/2008","3,861.40","4,079.60","4,079.60","3,808.10","","-5.35%"
"15/10/2008","4,079.60","4,394.20","4,394.20","4,052.00","","-7.16%"
"14/10/2008","4,394.20","4,256.90","4,534.40","4,256.90","","3.23%"
"13/10/2008","4,256.90","3,932.10","4,256.90","3,932.10","","8.26%"
"10/10/2008","3,932.10","4,313.80","4,313.80","3,874.00","","-8.85%"
"09/10/2008","4,313.80","4,366.70","4,512.50","4,274.40","","-1.21%"
"08/10/2008","4,366.70","4,605.20","4,654.20","4,245.30","","-5.18%"
"07/10/2008","4,605.20","4,589.20","4,745.00","4,517.50","","0.35%"
"06/10/2008","4,589.20","4,980.30","4,980.30","4,549.70","","-7.85%"
"03/10/2008","4,980.30","4,870.30","5,003.90","4,832.10","","2.26%"
"02/10/2008","4,870.30","4,959.60","5,052.00","4,862.10","","-1.80%"
"01/10/2008","4,959.60","4,902.50","5,012.20","4,891.50","","1.16%"
"30/09/2008","4,902.50","4,818.80","4,953.40","4,671.00","","1.74%"
"29/09/2008","4,818.80","5,088.50","5,088.50","4,818.80","","-5.30%"
"26/09/2008","5,088.50","5,197.00","5,197.00","5,057.30","","-2.09%"
"25/09/2008","5,197.00","5,095.60","5,211.60","5,060.70","","1.99%"
"24/09/2008","5,095.60","5,136.10","5,167.40","5,087.30","","-0.79%"
"23/09/2008","5,136.10","5,236.30","5,236.30","5,076.30","","-1.91%"
"22/09/2008","5,236.30","5,311.30","5,339.30","5,236.30","","-1.41%"
"19/09/2008","5,311.30","4,880.00","5,351.20","4,857.10","","8.84%"
"18/09/2008","4,880.00","4,912.40","5,015.90","4,860.70","","-0.66%"
"17/09/2008","4,912.40","5,025.60","5,124.40","4,903.30","","-2.25%"
"16/09/2008","5,025.60","5,204.20","5,204.20","4,961.20","","-3.43%"
"15/09/2008","5,204.20","5,416.70","5,416.70","5,124.90","","-3.92%"
"12/09/2008","5,416.70","5,318.40","5,416.70","5,318.40","","1.85%"
"11/09/2008","5,318.40","5,366.20","5,377.90","5,258.10","","-0.89%"
"10/09/2008","5,366.20","5,415.60","5,419.50","5,327.80","","-0.91%"
"09/09/2008","5,415.60","5,446.30","5,524.80","5,386.90","","-0.56%"
"08/09/2008","5,446.30","5,240.70","5,447.60","5,240.70","","3.92%"
"05/09/2008","5,240.70","5,362.10","5,362.10","5,227.60","","-2.26%"
"04/09/2008","5,362.10","5,499.70","5,541.70","5,362.10","","-2.50%"
"03/09/2008","5,499.70","5,620.70","5,620.70","5,492.10","","-2.15%"
"02/09/2008","5,620.70","5,602.80","5,646.50","5,574.90","","0.32%"
"01/09/2008","5,602.80","5,636.60","5,636.60","5,573.80","","-0.60%"
"29/08/2008","5,636.60","5,601.20","5,649.10","5,587.40","","0.63%"
"28/08/2008","5,601.20","5,528.10","5,634.00","5,496.90","","1.32%"
"27/08/2008","5,528.10","5,470.70","5,540.80","5,434.70","","1.05%"
"26/08/2008","5,470.70","5,505.60","5,505.60","5,369.30","","-0.63%"
"22/08/2008","5,505.60","5,370.20","5,505.60","5,368.00","","2.52%"
"21/08/2008","5,370.20","5,371.80","5,408.00","5,311.40","","-0.03%"
"20/08/2008","5,371.80","5,320.40","5,384.20","5,320.40","","0.97%"
"19/08/2008","5,320.40","5,450.20","5,450.20","5,317.10","","-2.38%"
"18/08/2008","5,450.20","5,454.80","5,498.70","5,425.30","","-0.08%"
"15/08/2008","5,454.80","5,497.40","5,538.80","5,432.20","","-0.77%"
"14/08/2008","5,497.40","5,448.60","5,539.60","5,445.60","","0.90%"
"13/08/2008","5,448.60","5,534.50","5,534.50","5,437.10","","-1.55%"
"12/08/2008","5,534.50","5,541.80","5,569.20","5,491.30","","-0.13%"
"11/08/2008","5,541.80","5,489.20","5,541.80","5,477.70","","0.96%"
"08/08/2008","5,489.20","5,477.50","5,507.20","5,410.80","","0.21%"
"07/08/2008","5,477.50","5,486.10","5,539.30","5,450.90","","-0.16%"
"06/08/2008","5,486.10","5,454.50","5,498.60","5,440.10","","0.58%"
"05/08/2008","5,454.50","5,320.20","5,454.50","5,299.70","","2.52%"
"04/08/2008","5,320.20","5,354.70","5,414.70","5,310.30","","-0.64%"
"01/08/2008","5,354.70","5,411.90","5,411.90","5,321.30","","-1.06%"
"31/07/2008","5,411.90","5,420.70","5,456.10","5,371.30","","-0.16%"
"30/07/2008","5,420.70","5,319.20","5,435.90","5,319.20","","1.91%"
"29/07/2008","5,319.20","5,312.60","5,354.60","5,261.40","","0.12%"
"28/07/2008","5,312.60","5,352.60","5,365.80","5,308.40","","-0.75%"
"25/07/2008","5,352.60","5,362.30","5,375.20","5,291.40","","-0.18%"
"24/07/2008","5,362.30","5,449.90","5,463.70","5,345.10","","-1.61%"
"23/07/2008","5,449.90","5,364.10","5,467.20","5,364.10","","1.60%"
"22/07/2008","5,364.10","5,404.30","5,404.30","5,282.80","","-0.74%"
"21/07/2008","5,404.30","5,376.40","5,445.80","5,334.60","","0.52%"
"18/07/2008","5,376.40","5,286.30","5,376.40","5,216.60","","1.70%"
"17/07/2008","5,286.30","5,150.60","5,320.50","5,150.60","","2.63%"
"16/07/2008","5,150.60","5,171.90","5,210.10","5,071.10","","-0.41%"
"15/07/2008","5,171.90","5,300.40","5,300.40","5,119.00","","-2.42%"
"14/07/2008","5,300.40","5,261.60","5,373.20","5,261.60","","0.74%"
"11/07/2008","5,261.60","5,406.80","5,461.80","5,261.60","","-2.69%"
"10/07/2008","5,406.80","5,529.60","5,529.60","5,392.60","","-2.22%"
"09/07/2008","5,529.60","5,440.50","5,538.20","5,440.50","","1.64%"
"08/07/2008","5,440.50","5,512.70","5,512.70","5,358.70","","-1.31%"
"07/07/2008","5,512.70","5,412.80","5,516.40","5,400.10","","1.85%"
"04/07/2008","5,412.80","5,476.60","5,490.20","5,394.00","","-1.16%"
"03/07/2008","5,476.60","5,426.30","5,490.60","5,358.50","","0.93%"
"02/07/2008","5,426.30","5,479.90","5,566.80","5,426.30","","-0.98%"
"01/07/2008","5,479.90","5,625.90","5,625.90","5,466.30","","-2.60%"
"30/06/2008","5,625.90","5,529.90","5,625.90","5,520.20","","1.74%"
"27/06/2008","5,529.90","5,518.20","5,555.20","5,470.90","","0.21%"
"26/06/2008","5,518.20","5,666.10","5,666.10","5,518.20","","-2.61%"
"25/06/2008","5,666.10","5,634.70","5,669.60","5,634.70","","0.56%"
"24/06/2008","5,634.70","5,667.20","5,693.80","5,581.60","","-0.57%"
"23/06/2008","5,667.20","5,620.80","5,679.20","5,603.20","","0.83%"
"20/06/2008","5,620.80","5,708.40","5,731.90","5,597.00","","-1.53%"
"19/06/2008","5,708.40","5,756.90","5,786.40","5,707.20","","-0.84%"
"18/06/2008","5,756.90","5,861.90","5,861.90","5,735.40","","-1.79%"
"17/06/2008","5,861.90","5,794.60","5,930.30","5,794.60","","1.16%"
"16/06/2008","5,794.60","5,802.80","5,832.60","5,759.60","","-0.14%"
"13/06/2008","5,802.80","5,790.50","5,818.30","5,719.50","","0.21%"
"12/06/2008","5,790.50","5,723.30","5,797.80","5,719.80","","1.17%"
"11/06/2008","5,723.30","5,827.30","5,859.40","5,708.30","","-1.78%"
"10/06/2008","5,827.30","5,877.60","5,877.60","5,813.40","","-0.86%"
"09/06/2008","5,877.60","5,906.80","5,938.50","5,869.60","","-0.49%"
"06/06/2008","5,906.80","5,995.30","6,074.50","5,906.50","","-1.48%"
"05/06/2008","5,995.30","5,970.10","6,005.10","5,941.00","","0.42%"
"04/06/2008","5,970.10","6,057.70","6,057.70","5,933.30","","-1.45%"
"03/06/2008","6,057.70","6,007.60","6,059.00","5,993.30","","0.83%"
"02/06/2008","6,007.60","6,053.50","6,060.80","5,978.40","","-0.76%"
"30/05/2008","6,053.50","6,068.10","6,111.60","6,044.70","","-0.24%"
"29/05/2008","6,068.10","6,069.60","6,130.50","6,041.10","","-0.02%"
"28/05/2008","6,069.60","6,058.50","6,122.20","6,052.50","","0.18%"
"27/05/2008","6,058.50","6,087.30","6,141.70","6,048.70","","-0.47%"
"23/05/2008","6,087.30","6,181.60","6,182.90","6,087.30","","-1.53%"
"22/05/2008","6,181.60","6,198.10","6,226.20","6,159.40","","-0.27%"
"21/05/2008","6,198.10","6,191.60","6,257.30","6,183.50","","0.10%"
"20/05/2008","6,191.60","6,376.50","6,376.50","6,191.60","","-2.90%"
"19/05/2008","6,376.50","6,304.30","6,377.00","6,302.80","","1.15%"
"16/05/2008","6,304.30","6,251.80","6,348.60","6,251.80","","0.84%"
"15/05/2008","6,251.80","6,216.00","6,258.50","6,168.80","","0.58%"
"14/05/2008","6,216.00","6,211.90","6,253.10","6,167.90","","0.07%"
"13/05/2008","6,211.90","6,220.60","6,268.10","6,142.30","","-0.14%"
"12/05/2008","6,220.60","6,204.70","6,251.90","6,184.80","","0.26%"
"09/05/2008","6,204.70","6,270.80","6,270.80","6,167.60","","-1.05%"
"08/05/2008","6,270.80","6,256.50","6,273.30","6,217.00","","0.16%"
"07/05/2008","6,261.00","6,215.20","6,275.00","6,214.10","","0.74%"
"06/05/2008","6,215.20","6,215.50","6,233.70","6,155.90","","0.00%"
"02/05/2008","6,215.50","6,087.30","6,223.90","6,087.30","","2.11%"
"01/05/2008","6,087.30","6,087.30","6,118.20","6,066.00","","0.00%"
"30/04/2008","6,087.30","6,089.40","6,120.30","6,035.80","","-0.03%"
"29/04/2008","6,089.40","6,090.40","6,133.50","6,051.60","","-0.02%"
"28/04/2008","6,090.40","6,091.40","6,134.50","6,083.50","","-0.02%"
"25/04/2008","6,091.40","6,050.70","6,098.80","6,045.50","","0.67%"
"24/04/2008","6,050.70","6,083.60","6,083.60","5,951.90","","-0.54%"
"23/04/2008","6,083.60","6,034.70","6,083.60","5,978.80","","0.81%"
"22/04/2008","6,034.70","6,053.00","6,072.00","6,007.50","","-0.30%"
"21/04/2008","6,053.00","6,056.50","6,089.50","6,021.20","","-0.06%"
"18/04/2008","6,056.50","5,980.40","6,062.10","5,974.30","","1.27%"
"17/04/2008","5,980.40","6,046.20","6,086.40","5,973.90","","-1.09%"
"16/04/2008","6,046.20","5,906.90","6,046.20","5,906.90","","2.36%"
"15/04/2008","5,906.90","5,831.60","5,943.30","5,831.60","","1.29%"
"14/04/2008","5,831.60","5,895.50","5,895.50","5,827.00","","-1.08%"
"11/04/2008","5,895.50","5,965.10","6,016.30","5,866.10","","-1.17%"
"10/04/2008","5,965.10","5,983.90","6,003.20","5,881.90","","-0.31%"
"09/04/2008","5,983.90","5,990.20","6,015.60","5,947.20","","-0.11%"
"08/04/2008","5,990.20","6,014.80","6,014.80","5,942.20","","-0.41%"
"07/04/2008","6,014.80","5,947.10","6,014.80","5,947.10","","1.14%"
"04/04/2008","5,947.10","5,891.30","5,948.00","5,888.00","","0.95%"
"03/04/2008","5,891.30","5,915.90","5,935.20","5,864.00","","-0.42%"
"02/04/2008","5,915.90","5,852.60","5,920.10","5,827.20","","1.08%"
"01/04/2008","5,852.60","5,702.10","5,865.80","5,670.40","","2.64%"
"31/03/2008","5,702.10","5,692.90","5,715.10","5,585.60","","0.16%"
"28/03/2008","5,692.90","5,717.50","5,747.20","5,673.70","","-0.43%"
"27/03/2008","5,717.50","5,660.40","5,735.00","5,650.90","","1.01%"
"26/03/2008","5,660.40","5,689.10","5,689.10","5,639.10","","-0.50%"
"25/03/2008","5,689.10","5,495.20","5,704.30","5,495.20","","3.53%"
"20/03/2008","5,495.20","5,545.60","5,545.60","5,461.90","","-0.91%"
"19/03/2008","5,545.60","5,605.80","5,653.60","5,524.80","","-1.07%"
"18/03/2008","5,605.80","5,414.40","5,610.00","5,414.40","","3.54%"
"17/03/2008","5,414.40","5,631.70","5,631.70","5,414.40","","-3.86%"
"14/03/2008","5,631.70","5,692.40","5,782.00","5,595.80","","-1.07%"
"13/03/2008","5,692.40","5,776.40","5,776.40","5,628.90","","-1.45%"
"12/03/2008","5,776.40","5,690.40","5,812.70","5,690.40","","1.51%"
"11/03/2008","5,690.40","5,629.10","5,783.40","5,629.10","","1.09%"
"10/03/2008","5,629.10","5,699.90","5,718.80","5,616.60","","-1.24%"
"07/03/2008","5,699.90","5,766.40","5,766.40","5,655.70","","-1.15%"
"06/03/2008","5,766.40","5,853.50","5,871.10","5,753.10","","-1.49%"
"05/03/2008","5,853.50","5,767.70","5,860.50","5,763.90","","1.49%"
"04/03/2008","5,767.70","5,818.60","5,872.90","5,719.80","","-0.87%"
"03/03/2008","5,818.60","5,884.30","5,884.30","5,770.10","","-1.12%"
"29/02/2008","5,884.30","5,965.70","5,986.20","5,859.30","","-1.36%"
"28/02/2008","5,965.70","6,076.50","6,090.80","5,960.30","","-1.82%"
"27/02/2008","6,076.50","6,087.40","6,104.50","5,989.00","","-0.18%"
"26/02/2008","6,087.40","5,999.50","6,092.50","5,991.60","","1.47%"
"25/02/2008","5,999.50","5,888.50","6,011.70","5,888.50","","1.89%"
"22/02/2008","5,888.50","5,932.20","5,970.90","5,863.80","","-0.74%"
"21/02/2008","5,932.20","5,893.60","6,004.40","5,893.60","","0.65%"
"20/02/2008","5,893.60","5,966.90","5,966.90","5,847.40","","-1.23%"
"19/02/2008","5,966.90","5,946.60","6,033.70","5,884.80","","3.10%"
"15/02/2008","5,787.60","5,879.30","5,915.00","5,763.50","","-1.56%"
"14/02/2008","5,879.30","5,880.10","5,938.50","5,859.40","","-0.01%"
"13/02/2008","5,880.10","5,910.00","5,915.00","5,814.80","","-0.51%"
"12/02/2008","5,910.00","5,707.70","5,910.00","5,707.70","","3.54%"
"11/02/2008","5,707.70","5,784.00","5,789.60","5,681.50","","-1.32%"
"08/02/2008","5,784.00","5,724.10","5,805.30","5,703.10","","1.05%"
"07/02/2008","5,724.10","5,875.40","5,875.40","5,708.80","","-2.58%"
"06/02/2008","5,875.40","5,868.00","5,892.60","5,816.40","","0.13%"
"05/02/2008","5,868.00","6,026.20","6,026.20","5,852.80","","-2.63%"
"04/02/2008","6,026.20","6,029.20","6,071.30","6,000.20","","-0.05%"
"01/02/2008","6,029.20","5,879.80","6,044.90","5,879.80","","2.54%"
"31/01/2008","5,879.80","5,837.30","5,899.50","5,689.40","","0.73%"
"30/01/2008","5,837.30","5,885.20","5,885.20","5,818.60","","-0.81%"
"29/01/2008","5,885.20","5,788.90","5,885.20","5,788.90","","1.66%"
"28/01/2008","5,788.90","5,869.00","5,869.00","5,705.10","","-1.36%"
"25/01/2008","5,869.00","5,875.80","5,973.30","5,848.50","","-0.12%"
"24/01/2008","5,875.80","5,609.30","5,882.30","5,609.30","","4.75%"
"23/01/2008","5,609.30","5,740.10","5,844.90","5,518.30","","-2.28%"
"22/01/2008","5,740.10","5,578.20","5,764.00","5,338.70","","2.90%"
"21/01/2008","5,578.20","5,901.70","5,901.70","5,571.00","","-5.48%"
"18/01/2008","5,901.70","5,902.40","6,030.90","5,856.80","","-0.01%"
"17/01/2008","5,902.40","5,942.90","6,028.40","5,895.40","","-0.68%"
"16/01/2008","5,942.90","6,025.60","6,031.50","5,908.50","","-1.37%"
"15/01/2008","6,025.60","6,215.70","6,215.70","6,025.60","","-3.06%"
"14/01/2008","6,215.70","6,202.00","6,247.30","6,173.00","","0.22%"
"11/01/2008","6,202.00","6,222.70","6,251.80","6,147.00","","-0.33%"
"10/01/2008","6,222.70","6,272.70","6,314.50","6,213.00","","-0.80%"
"09/01/2008","6,272.70","6,356.50","6,356.50","6,241.80","","-1.32%"
"08/01/2008","6,356.50","6,335.70","6,399.60","6,335.70","","0.33%"
"07/01/2008","6,335.70","6,348.50","6,376.50","6,275.20","","-0.20%"
"04/01/2008","6,348.50","6,479.40","6,534.70","6,333.20","","-2.02%"
"03/01/2008","6,479.40","6,416.70","6,487.80","6,394.60","","0.98%"
"02/01/2008","6,416.70","6,456.90","6,512.30","6,402.60","","-0.62%"
"31/12/2007","6,456.90","6,476.90","6,480.20","6,432.80","","-0.31%"
"28/12/2007","6,476.90","6,497.80","6,497.80","6,436.80","","-0.32%"
"27/12/2007","6,497.80","6,479.30","6,504.70","6,468.40","","0.29%"
"24/12/2007","6,479.30","6,434.10","6,485.60","6,431.20","","0.70%"
"21/12/2007","6,434.10","6,345.60","6,451.80","6,345.60","","1.39%"
"20/12/2007","6,345.60","6,284.50","6,367.70","6,284.50","","0.97%"
"19/12/2007","6,284.50","6,279.30","6,319.10","6,251.80","","0.08%"
"18/12/2007","6,279.30","6,277.80","6,344.30","6,254.50","","0.02%"
"17/12/2007","6,277.80","6,397.00","6,397.00","6,264.30","","-1.86%"
"14/12/2007","6,397.00","6,364.20","6,426.20","6,336.70","","0.52%"
"13/12/2007","6,364.20","6,559.80","6,559.80","6,364.20","","-2.98%"
"12/12/2007","6,559.80","6,536.90","6,610.90","6,429.50","","0.35%"
"11/12/2007","6,536.90","6,565.40","6,597.50","6,513.40","","-0.43%"
"10/12/2007","6,565.40","6,554.90","6,596.70","6,523.70","","0.16%"
"07/12/2007","6,554.90","6,485.60","6,577.80","6,485.60","","1.07%"
"06/12/2007","6,485.60","6,493.80","6,591.80","6,437.80","","-0.13%"
"05/12/2007","6,493.80","6,315.20","6,493.80","6,315.20","","2.83%"
"04/12/2007","6,315.20","6,386.60","6,398.20","6,289.30","","-1.12%"
"03/12/2007","6,386.60","6,432.50","6,456.10","6,379.90","","-0.71%"
"30/11/2007","6,432.50","6,349.10","6,455.80","6,334.00","","1.31%"
"29/11/2007","6,349.10","6,306.20","6,363.50","6,273.40","","0.68%"
"28/11/2007","6,306.20","6,140.70","6,307.40","6,109.60","","2.70%"
"27/11/2007","6,140.70","6,180.50","6,197.10","6,061.80","","-0.64%"
"26/11/2007","6,180.50","6,262.10","6,307.80","6,180.50","","-1.30%"
"23/11/2007","6,262.10","6,155.30","6,262.10","6,153.60","","1.74%"
"22/11/2007","6,155.30","6,070.90","6,155.30","6,026.90","","1.39%"
"21/11/2007","6,070.90","6,226.50","6,226.50","6,041.80","","-2.50%"
"20/11/2007","6,226.50","6,120.80","6,227.70","6,078.70","","1.73%"
"19/11/2007","6,120.80","6,291.20","6,331.70","6,120.80","","-2.71%"
"16/11/2007","6,291.20","6,359.60","6,359.60","6,283.90","","-1.08%"
"15/11/2007","6,359.60","6,432.10","6,465.40","6,335.50","","-1.13%"
"14/11/2007","6,432.10","6,362.40","6,460.80","6,362.40","","1.10%"
"13/11/2007","6,362.40","6,337.90","6,387.40","6,279.70","","0.39%"
"12/11/2007","6,337.90","6,304.90","6,365.20","6,268.60","","0.52%"
"09/11/2007","6,304.90","6,381.90","6,442.90","6,268.90","","-1.21%"
"08/11/2007","6,381.90","6,385.10","6,432.30","6,290.30","","-0.05%"
"07/11/2007","6,385.10","6,474.90","6,519.20","6,381.30","","-1.39%"
"06/11/2007","6,474.90","6,461.40","6,512.10","6,456.40","","0.21%"
"05/11/2007","6,461.40","6,530.60","6,530.60","6,420.40","","-1.06%"
"02/11/2007","6,530.60","6,586.10","6,586.10","6,483.40","","-0.84%"
"01/11/2007","6,586.10","6,721.60","6,723.70","6,549.70","","-2.02%"
"31/10/2007","6,721.60","6,659.00","6,721.60","6,636.90","","0.94%"
"30/10/2007","6,659.00","6,706.00","6,706.00","6,653.80","","-0.70%"
"29/10/2007","6,706.00","6,661.30","6,726.90","6,661.30","","0.67%"
"26/10/2007","6,661.30","6,576.30","6,684.10","6,567.10","","1.29%"
"25/10/2007","6,576.30","6,482.00","6,587.60","6,482.00","","1.45%"
"24/10/2007","6,482.00","6,514.00","6,550.90","6,460.90","","-0.49%"
"23/10/2007","6,514.00","6,459.30","6,562.70","6,459.30","","0.85%"
"22/10/2007","6,459.30","6,527.90","6,527.90","6,413.40","","-1.05%"
"19/10/2007","6,527.90","6,609.40","6,615.80","6,523.60","","-1.23%"
"18/10/2007","6,609.40","6,677.70","6,722.00","6,584.90","","-1.02%"
"17/10/2007","6,677.70","6,614.30","6,690.50","6,594.90","","0.96%"
"16/10/2007","6,614.30","6,644.50","6,644.50","6,596.30","","-0.45%"
"15/10/2007","6,644.50","6,730.70","6,751.70","6,632.10","","-1.28%"
"12/10/2007","6,730.70","6,724.50","6,730.70","6,660.00","","0.09%"
"11/10/2007","6,724.50","6,633.00","6,730.10","6,633.00","","1.38%"
"10/10/2007","6,633.00","6,615.40","6,633.00","6,587.70","","0.27%"
"09/10/2007","6,615.40","6,540.90","6,625.30","6,527.50","","1.14%"
"08/10/2007","6,540.90","6,595.80","6,605.60","6,540.90","","-0.83%"
"05/10/2007","6,595.80","6,547.90","6,605.10","6,547.90","","0.73%"
"04/10/2007","6,547.90","6,535.20","6,593.30","6,507.20","","0.19%"
"03/10/2007","6,535.20","6,500.40","6,542.80","6,495.00","","0.54%"
"02/10/2007","6,500.40","6,506.20","6,567.00","6,489.60","","-0.09%"
"01/10/2007","6,506.20","6,466.80","6,514.50","6,419.20","","0.61%"
"28/09/2007","6,466.80","6,486.40","6,500.40","6,411.80","","-0.30%"
"27/09/2007","6,486.40","6,433.00","6,508.00","6,433.00","","0.83%"
"26/09/2007","6,433.00","6,396.90","6,484.40","6,396.90","","0.56%"
"25/09/2007","6,396.90","6,465.90","6,465.90","6,367.00","","-1.07%"
"24/09/2007","6,465.90","6,456.70","6,494.20","6,437.30","","0.14%"
"21/09/2007","6,456.70","6,429.00","6,481.60","6,409.90","","0.43%"
"20/09/2007","6,429.00","6,460.00","6,460.00","6,395.10","","-0.48%"
"19/09/2007","6,460.00","6,283.30","6,512.40","6,283.30","","2.81%"
"18/09/2007","6,283.30","6,182.80","6,298.50","6,158.80","","1.63%"
"17/09/2007","6,182.80","6,289.30","6,289.30","6,168.00","","-1.69%"
"14/09/2007","6,289.30","6,363.90","6,363.90","6,209.10","","-1.17%"
"13/09/2007","6,363.90","6,306.20","6,374.50","6,280.20","","0.91%"
"12/09/2007","6,306.20","6,280.70","6,317.10","6,232.00","","0.41%"
"11/09/2007","6,280.70","6,134.10","6,280.70","6,134.10","","2.39%"
"10/09/2007","6,134.10","6,191.20","6,232.10","6,123.10","","-0.92%"
"07/09/2007","6,191.20","6,313.30","6,342.70","6,179.10","","-1.93%"
"06/09/2007","6,313.30","6,270.70","6,327.30","6,217.50","","0.68%"
"05/09/2007","6,270.70","6,376.80","6,390.50","6,264.50","","-1.66%"
"04/09/2007","6,376.80","6,315.20","6,378.00","6,274.90","","0.98%"
"03/09/2007","6,315.20","6,303.30","6,334.40","6,303.20","","0.19%"
"31/08/2007","6,303.30","6,212.00","6,309.50","6,212.00","","1.47%"
"30/08/2007","6,212.00","6,132.20","6,220.80","6,122.50","","1.30%"
"29/08/2007","6,132.20","6,102.20","6,137.90","6,056.50","","0.49%"
"28/08/2007","6,102.20","6,220.10","6,220.10","6,083.90","","-1.90%"
"24/08/2007","6,220.10","6,196.90","6,232.20","6,182.40","","0.37%"
"23/08/2007","6,196.90","6,196.00","6,287.20","6,194.40","","0.01%"
"22/08/2007","6,196.00","6,086.10","6,196.60","6,086.10","","1.81%"
"21/08/2007","6,086.10","6,078.70","6,118.90","6,031.80","","0.12%"
"20/08/2007","6,078.70","6,064.20","6,163.40","6,064.20","","0.24%"
"17/08/2007","6,064.20","5,858.90","6,134.00","5,821.70","","3.50%"
"16/08/2007","5,858.90","6,109.30","6,109.30","5,858.90","","-4.10%"
"15/08/2007","6,109.30","6,143.50","6,143.50","6,041.70","","-0.56%"
"14/08/2007","6,143.50","6,219.00","6,264.90","6,132.20","","-1.21%"
"13/08/2007","6,219.00","6,038.30","6,237.80","6,038.30","","2.99%"
"10/08/2007","6,038.30","6,271.20","6,271.20","6,038.30","","-3.71%"
"09/08/2007","6,271.20","6,393.90","6,393.90","6,228.00","","-1.92%"
"08/08/2007","6,393.90","6,308.80","6,406.30","6,308.80","","1.35%"
"07/08/2007","6,308.80","6,189.10","6,308.80","6,189.10","","1.93%"
"06/08/2007","6,189.10","6,224.30","6,245.90","6,161.50","","-0.57%"
"03/08/2007","6,224.30","6,300.30","6,333.50","6,212.20","","-1.21%"
"02/08/2007","6,300.30","6,250.60","6,319.30","6,250.60","","0.80%"
"01/08/2007","6,250.60","6,360.10","6,360.10","6,187.20","","-1.72%"
"31/07/2007","6,360.10","6,206.10","6,361.10","6,206.10","","2.48%"
"30/07/2007","6,206.10","6,215.20","6,256.50","6,186.20","","-0.15%"
"27/07/2007","6,215.20","6,251.20","6,315.20","6,192.30","","-0.58%"
"26/07/2007","6,251.20","6,454.30","6,474.70","6,251.20","","-3.15%"
"25/07/2007","6,454.30","6,498.70","6,533.60","6,436.70","","-0.68%"
"24/07/2007","6,498.70","6,624.40","6,624.40","6,498.70","","-1.90%"
"23/07/2007","6,624.40","6,585.20","6,624.40","6,583.50","","0.60%"
"20/07/2007","6,585.20","6,640.20","6,674.30","6,580.00","","-0.83%"
"19/07/2007","6,640.20","6,567.10","6,658.80","6,567.10","","1.11%"
"18/07/2007","6,567.10","6,659.10","6,659.10","6,567.10","","-1.38%"
"17/07/2007","6,659.10","6,697.70","6,698.50","6,628.10","","-0.58%"
"16/07/2007","6,697.70","6,716.70","6,735.80","6,679.20","","-0.28%"
"13/07/2007","6,716.70","6,697.70","6,754.10","6,697.70","","0.28%"
"12/07/2007","6,697.70","6,615.10","6,697.70","6,594.70","","1.25%"
"11/07/2007","6,615.10","6,630.90","6,630.90","6,574.20","","-0.24%"
"10/07/2007","6,630.90","6,712.70","6,734.30","6,620.50","","-1.22%"
"09/07/2007","6,712.70","6,690.10","6,725.90","6,690.10","","0.34%"
"06/07/2007","6,690.10","6,635.20","6,690.40","6,635.20","","0.83%"
"05/07/2007","6,635.20","6,673.10","6,691.80","6,625.80","","-0.57%"
"04/07/2007","6,673.10","6,639.80","6,682.90","6,639.80","","0.50%"
"03/07/2007","6,639.80","6,590.60","6,645.30","6,590.60","","0.75%"
"02/07/2007","6,590.60","6,607.90","6,612.80","6,570.50","","-0.26%"
"29/06/2007","6,607.90","6,571.30","6,607.90","6,519.60","","0.56%"
"28/06/2007","6,571.30","6,527.60","6,575.50","6,527.60","","0.67%"
"27/06/2007","6,527.60","6,559.30","6,559.30","6,496.40","","-0.48%"
"26/06/2007","6,559.30","6,588.40","6,593.50","6,539.90","","-0.44%"
"25/06/2007","6,588.40","6,567.40","6,591.40","6,522.30","","0.32%"
"22/06/2007","6,567.40","6,596.00","6,612.30","6,562.20","","-0.43%"
"21/06/2007","6,596.00","6,649.30","6,649.30","6,563.90","","-0.80%"
"20/06/2007","6,649.30","6,650.20","6,692.60","6,647.60","","-0.01%"
"19/06/2007","6,650.20","6,703.50","6,721.40","6,650.20","","-0.80%"
"18/06/2007","6,703.50","6,732.40","6,751.30","6,696.80","","-0.43%"
"15/06/2007","6,732.40","6,649.90","6,734.20","6,649.90","","1.24%"
"14/06/2007","6,649.90","6,559.60","6,654.30","6,559.60","","1.38%"
"13/06/2007","6,559.60","6,520.40","6,567.30","6,483.60","","0.60%"
"12/06/2007","6,520.40","6,567.50","6,586.60","6,513.70","","-0.72%"
"11/06/2007","6,567.50","6,505.10","6,567.50","6,505.10","","0.96%"
"08/06/2007","6,505.10","6,505.10","6,519.40","6,451.40","","0.00%"
"07/06/2007","6,505.10","6,522.70","6,574.90","6,478.00","","-0.27%"
"06/06/2007","6,522.70","6,632.80","6,636.90","6,511.70","","-1.66%"
"05/06/2007","6,632.80","6,664.10","6,686.60","6,625.70","","-0.47%"
"04/06/2007","6,664.10","6,676.70","6,686.10","6,641.20","","-0.19%"
"01/06/2007","6,676.70","6,621.40","6,676.70","6,621.30","","0.84%"
"31/05/2007","6,621.40","6,602.10","6,650.20","6,602.10","","0.29%"
"30/05/2007","6,602.10","6,606.50","6,606.50","6,533.50","","-0.07%"
"29/05/2007","6,606.50","6,570.50","6,613.40","6,570.50","","0.55%"
"25/05/2007","6,570.50","6,565.40","6,575.20","6,532.50","","0.08%"
"24/05/2007","6,565.40","6,616.40","6,619.50","6,560.50","","-0.77%"
"23/05/2007","6,616.40","6,606.60","6,643.80","6,602.50","","0.15%"
"22/05/2007","6,606.60","6,636.80","6,641.90","6,594.60","","-0.46%"
"21/05/2007","6,636.80","6,640.90","6,675.00","6,619.40","","-0.06%"
"18/05/2007","6,640.90","6,579.30","6,656.30","6,579.10","","0.94%"
"17/05/2007","6,579.30","6,559.50","6,588.70","6,553.60","","0.30%"
"16/05/2007","6,559.50","6,568.60","6,578.60","6,539.40","","-0.14%"
"15/05/2007","6,568.60","6,555.50","6,579.00","6,532.90","","0.20%"
"14/05/2007","6,555.50","6,565.70","6,596.30","6,530.30","","-0.16%"
"11/05/2007","6,565.70","6,524.10","6,577.00","6,451.90","","0.64%"
"10/05/2007","6,524.10","6,549.60","6,565.10","6,515.00","","-0.39%"
"09/05/2007","6,549.60","6,550.40","6,592.40","6,529.00","","-0.01%"
"08/05/2007","6,550.40","6,603.70","6,603.70","6,537.50","","-0.81%"
"04/05/2007","6,603.70","6,537.80","6,614.70","6,537.80","","1.01%"
"03/05/2007","6,537.80","6,484.50","6,542.50","6,484.50","","0.82%"
"02/05/2007","6,484.50","6,419.60","6,489.00","6,419.60","","1.01%"
"01/05/2007","6,419.60","6,449.20","6,449.20","6,395.50","","-0.46%"
"30/04/2007","6,449.20","6,418.70","6,474.70","6,410.50","","0.48%"
"27/04/2007","6,418.70","6,469.40","6,469.40","6,410.60","","-0.78%"
"26/04/2007","6,469.40","6,461.90","6,511.10","6,443.70","","0.12%"
"25/04/2007","6,461.90","6,429.50","6,479.00","6,429.50","","0.50%"
"24/04/2007","6,429.50","6,479.70","6,493.10","6,408.40","","-0.77%"
"23/04/2007","6,479.70","6,486.80","6,504.50","6,466.10","","-0.11%"
"20/04/2007","6,486.80","6,440.60","6,508.90","6,440.60","","0.72%"
"19/04/2007","6,440.60","6,449.40","6,451.80","6,386.20","","-0.14%"
"18/04/2007","6,449.40","6,497.80","6,497.80","6,440.80","","-0.74%"
"17/04/2007","6,497.80","6,516.20","6,516.20","6,456.40","","-0.28%"
"16/04/2007","6,516.20","6,462.40","6,516.20","6,462.40","","0.83%"
"13/04/2007","6,462.40","6,416.40","6,462.40","6,416.40","","0.72%"
"12/04/2007","6,416.40","6,413.30","6,419.60","6,376.40","","0.05%"
"11/04/2007","6,413.30","6,417.80","6,445.90","6,401.90","","-0.07%"
"10/04/2007","6,417.80","6,397.30","6,431.70","6,394.30","","0.32%"
"05/04/2007","6,397.30","6,364.70","6,398.70","6,350.30","","0.51%"
"04/04/2007","6,364.70","6,366.10","6,380.50","6,345.90","","-0.02%"
"03/04/2007","6,366.10","6,315.50","6,366.10","6,315.50","","0.80%"
"02/04/2007","6,315.50","6,308.00","6,342.20","6,293.90","","0.12%"
"30/03/2007","6,308.00","6,324.20","6,330.00","6,291.10","","-0.26%"
"29/03/2007","6,324.20","6,267.20","6,334.70","6,267.20","","0.91%"
"28/03/2007","6,267.20","6,292.60","6,304.90","6,250.10","","-0.40%"
"27/03/2007","6,292.60","6,291.90","6,337.70","6,276.80","","0.01%"
"26/03/2007","6,291.90","6,339.40","6,355.30","6,274.10","","-0.75%"
"23/03/2007","6,339.40","6,318.00","6,350.40","6,296.60","","0.34%"
"22/03/2007","6,318.00","6,256.80","6,342.10","6,256.80","","0.98%"
"21/03/2007","6,256.80","6,220.30","6,287.50","6,207.70","","0.59%"
"20/03/2007","6,220.30","6,189.40","6,220.30","6,159.40","","0.50%"
"19/03/2007","6,189.40","6,130.60","6,200.60","6,130.60","","0.96%"
"16/03/2007","6,130.60","6,133.20","6,142.20","6,094.70","","-0.04%"
"15/03/2007","6,133.20","6,000.70","6,133.20","6,000.70","","2.21%"
"14/03/2007","6,000.70","6,161.20","6,161.20","6,000.70","","-2.61%"
"13/03/2007","6,161.20","6,233.30","6,240.70","6,161.20","","-1.16%"
"12/03/2007","6,233.30","6,245.20","6,276.30","6,219.30","","-0.19%"
"09/03/2007","6,245.20","6,227.70","6,255.80","6,190.30","","0.28%"
"08/03/2007","6,227.70","6,156.50","6,233.10","6,156.50","","1.16%"
"07/03/2007","6,156.50","6,138.50","6,167.60","6,106.10","","0.29%"
"06/03/2007","6,138.50","6,058.70","6,138.50","6,058.70","","1.32%"
"05/03/2007","6,058.70","6,116.20","6,116.20","5,989.60","","-0.94%"
"02/03/2007","6,116.20","6,116.00","6,164.40","6,085.60","","0.00%"
"01/03/2007","6,116.00","6,171.50","6,230.70","6,038.90","","-0.90%"
"28/02/2007","6,171.50","6,286.10","6,286.10","6,166.20","","-1.82%"
"27/02/2007","6,286.10","6,434.70","6,434.70","6,270.50","","-2.31%"
"26/02/2007","6,434.70","6,401.50","6,446.80","6,401.50","","0.52%"
"23/02/2007","6,401.50","6,380.90","6,401.50","6,357.10","","0.32%"
"22/02/2007","6,380.90","6,357.10","6,416.00","6,357.10","","0.37%"
"21/02/2007","6,357.10","6,412.30","6,430.40","6,352.10","","-0.86%"
"20/02/2007","6,412.30","6,444.40","6,448.10","6,392.40","","-0.50%"
"19/02/2007","6,444.40","6,419.50","6,451.40","6,419.50","","0.39%"
"16/02/2007","6,419.50","6,433.30","6,439.20","6,407.30","","-0.21%"
"15/02/2007","6,433.30","6,421.20","6,435.30","6,397.20","","0.19%"
"14/02/2007","6,421.20","6,381.80","6,421.20","6,378.60","","0.62%"
"13/02/2007","6,381.80","6,353.50","6,381.80","6,353.50","","0.45%"
"12/02/2007","6,353.50","6,382.80","6,383.10","6,344.70","","-0.46%"
"09/02/2007","6,382.80","6,346.40","6,395.40","6,346.40","","0.57%"
"08/02/2007","6,346.40","6,369.50","6,375.00","6,330.10","","-0.36%"
"07/02/2007","6,369.50","6,346.30","6,379.80","6,338.20","","0.37%"
"06/02/2007","6,346.30","6,317.90","6,369.70","6,317.90","","0.45%"
"05/02/2007","6,317.90","6,310.90","6,328.90","6,294.70","","0.11%"
"02/02/2007","6,310.90","6,282.20","6,329.00","6,282.20","","0.46%"
"01/02/2007","6,282.20","6,203.10","6,300.30","6,203.10","","1.28%"
"31/01/2007","6,203.10","6,242.00","6,257.30","6,197.50","","-0.62%"
"30/01/2007","6,242.00","6,239.90","6,250.10","6,212.50","","0.03%"
"29/01/2007","6,239.90","6,228.00","6,253.70","6,216.00","","0.19%"
"26/01/2007","6,228.00","6,269.30","6,271.40","6,226.40","","-0.66%"
"25/01/2007","6,269.30","6,314.80","6,335.10","6,262.10","","-0.72%"
"24/01/2007","6,314.80","6,227.60","6,320.90","6,227.60","","1.40%"
"23/01/2007","6,227.60","6,218.40","6,240.70","6,189.20","","0.15%"
"22/01/2007","6,218.40","6,237.20","6,270.90","6,215.80","","-0.30%"
"19/01/2007","6,237.20","6,210.30","6,243.30","6,178.00","","0.43%"
"18/01/2007","6,210.30","6,204.50","6,257.20","6,204.50","","0.09%"
"17/01/2007","6,204.50","6,215.70","6,227.00","6,163.50","","-0.18%"
"16/01/2007","6,215.70","6,263.50","6,266.40","6,206.40","","-0.76%"
"15/01/2007","6,263.50","6,239.00","6,279.70","6,239.00","","0.39%"
"12/01/2007","6,239.00","6,230.10","6,247.60","6,204.30","","0.14%"
"11/01/2007","6,230.10","6,160.70","6,233.10","6,130.20","","1.13%"
"10/01/2007","6,160.70","6,196.10","6,196.10","6,142.00","","-0.57%"
"09/01/2007","6,196.10","6,194.20","6,218.50","6,190.40","","0.03%"
"08/01/2007","6,194.20","6,220.10","6,246.00","6,187.00","","-0.42%"
"05/01/2007","6,220.10","6,287.00","6,287.00","6,220.10","","-1.06%"
"04/01/2007","6,287.00","6,319.00","6,319.00","6,261.00","","-0.51%"
"03/01/2007","6,319.00","6,310.90","6,322.00","6,296.00","","0.13%"
"02/01/2007","6,310.90","6,220.80","6,312.50","6,220.80","","1.45%"
"29/12/2006","6,220.80","6,240.90","6,245.20","6,207.60","","-0.32%"
"28/12/2006","6,240.90","6,245.20","6,258.70","6,232.30","","-0.07%"
"27/12/2006","6,245.20","6,190.00","6,248.10","6,190.00","","0.89%"
"22/12/2006","6,190.00","6,183.70","6,191.10","6,175.50","","0.10%"
"21/12/2006","6,183.70","6,198.60","6,203.50","6,171.20","","-0.24%"
"20/12/2006","6,198.60","6,203.90","6,240.10","6,197.90","","-0.09%"
"19/12/2006","6,203.90","6,247.40","6,247.40","6,192.00","","-0.70%"
"18/12/2006","6,247.40","6,260.00","6,269.10","6,240.10","","-0.20%"
"15/12/2006","6,260.00","6,228.00","6,271.40","6,228.00","","0.51%"
"14/12/2006","6,228.00","6,192.50","6,230.60","6,192.50","","0.57%"
"13/12/2006","6,192.50","6,156.40","6,196.60","6,149.40","","0.59%"
"12/12/2006","6,156.40","6,159.80","6,164.80","6,137.80","","-0.06%"
"11/12/2006","6,159.80","6,152.40","6,187.00","6,147.10","","0.12%"
"08/12/2006","6,152.40","6,131.50","6,157.10","6,106.60","","0.34%"
"07/12/2006","6,131.50","6,090.30","6,145.30","6,082.80","","0.68%"
"06/12/2006","6,090.30","6,086.40","6,105.70","6,068.10","","0.06%"
"05/12/2006","6,086.40","6,050.40","6,097.40","6,047.10","","0.60%"
"04/12/2006","6,050.40","6,021.50","6,058.10","6,019.40","","0.48%"
"01/12/2006","6,021.50","6,048.80","6,087.40","5,985.20","","-0.45%"
"30/11/2006","6,048.80","6,084.40","6,108.90","6,043.90","","-0.59%"
"29/11/2006","6,084.40","6,025.90","6,098.60","6,025.90","","0.97%"
"28/11/2006","6,025.90","6,050.10","6,062.80","6,011.80","","-0.40%"
"27/11/2006","6,050.10","6,122.10","6,129.50","6,050.10","","-1.18%"
"24/11/2006","6,122.10","6,140.00","6,140.00","6,068.10","","-0.29%"
"23/11/2006","6,140.00","6,160.30","6,181.70","6,115.10","","-0.33%"
"22/11/2006","6,160.30","6,202.60","6,233.10","6,146.30","","-0.68%"
"21/11/2006","6,202.60","6,204.50","6,228.40","6,199.70","","-0.03%"
"20/11/2006","6,204.50","6,192.00","6,218.90","6,148.30","","0.20%"
"17/11/2006","6,192.00","6,254.90","6,254.90","6,178.90","","-1.01%"
"16/11/2006","6,254.90","6,229.80","6,256.80","6,212.10","","0.40%"
"15/11/2006","6,229.80","6,186.60","6,229.80","6,186.60","","0.70%"
"14/11/2006","6,186.60","6,194.20","6,223.90","6,167.30","","-0.12%"
"13/11/2006","6,194.20","6,208.40","6,239.80","6,171.90","","-0.23%"
"10/11/2006","6,208.40","6,231.50","6,233.10","6,198.60","","-0.37%"
"09/11/2006","6,231.50","6,239.00","6,250.40","6,205.10","","-0.12%"
"08/11/2006","6,239.00","6,244.00","6,244.00","6,205.70","","-0.08%"
"07/11/2006","6,244.00","6,224.50","6,244.50","6,219.70","","0.31%"
"06/11/2006","6,224.50","6,148.10","6,224.50","6,146.50","","1.24%"
"03/11/2006","6,148.10","6,149.30","6,177.30","6,134.00","","-0.02%"
"02/11/2006","6,149.30","6,149.60","6,172.00","6,112.90","","0.00%"
"01/11/2006","6,149.60","6,129.20","6,180.70","6,129.20","","0.33%"
"31/10/2006","6,129.20","6,126.80","6,149.90","6,110.90","","0.04%"
"30/10/2006","6,126.80","6,160.90","6,160.90","6,112.90","","-0.55%"
"27/10/2006","6,160.90","6,184.80","6,206.00","6,132.70","","-0.39%"
"26/10/2006","6,184.80","6,214.60","6,244.60","6,179.70","","-0.48%"
"25/10/2006","6,214.60","6,182.50","6,216.10","6,178.80","","0.52%"
"24/10/2006","6,182.50","6,166.10","6,186.90","6,161.30","","0.27%"
"23/10/2006","6,166.10","6,155.20","6,181.10","6,129.10","","0.18%"
"20/10/2006","6,155.20","6,156.00","6,199.80","6,134.30","","-0.01%"
"19/10/2006","6,156.00","6,150.40","6,183.50","6,113.10","","0.09%"
"18/10/2006","6,150.40","6,108.60","6,166.80","6,108.60","","0.68%"
"17/10/2006","6,108.60","6,172.40","6,174.70","6,105.80","","-1.03%"
"16/10/2006","6,172.40","6,157.30","6,184.30","6,149.30","","0.25%"
"13/10/2006","6,157.30","6,121.30","6,170.50","6,105.30","","0.59%"
"12/10/2006","6,121.30","6,073.50","6,121.70","6,069.00","","0.79%"
"11/10/2006","6,073.50","6,072.70","6,081.90","6,044.70","","0.01%"
"10/10/2006","6,072.70","6,030.90","6,076.30","6,030.20","","0.69%"
"09/10/2006","6,030.90","6,001.20","6,044.50","5,994.80","","0.49%"
"06/10/2006","6,001.20","6,004.50","6,014.30","5,978.10","","-0.05%"
"05/10/2006","6,004.50","5,966.50","6,016.70","5,966.50","","0.64%"
"04/10/2006","5,966.50","5,937.10","5,969.10","5,921.50","","0.50%"
"03/10/2006","5,937.10","5,957.80","5,957.80","5,897.30","","-0.35%"
"02/10/2006","5,957.80","5,960.80","5,985.50","5,950.90","","-0.05%"
"29/09/2006","5,960.80","5,971.30","6,002.90","5,950.10","","-0.18%"
"28/09/2006","5,971.30","5,930.10","5,978.80","5,930.10","","0.69%"
"27/09/2006","5,930.10","5,873.60","5,942.20","5,872.80","","0.96%"
"26/09/2006","5,873.60","5,798.30","5,879.20","5,798.30","","1.30%"
"25/09/2006","5,798.30","5,822.30","5,847.00","5,774.50","","-0.41%"
"22/09/2006","5,822.30","5,896.70","5,896.70","5,820.40","","-1.26%"
"21/09/2006","5,896.70","5,866.20","5,898.10","5,848.50","","0.52%"
"20/09/2006","5,866.20","5,831.80","5,880.80","5,820.90","","0.59%"
"19/09/2006","5,831.80","5,890.20","5,897.40","5,831.80","","-0.99%"
"18/09/2006","5,890.20","5,877.00","5,911.90","5,870.40","","0.22%"
"15/09/2006","5,877.00","5,877.20","5,899.20","5,864.80","","0.00%"
"14/09/2006","5,877.20","5,892.20","5,943.70","5,869.00","","-0.25%"
"13/09/2006","5,892.20","5,895.50","5,913.40","5,874.50","","-0.06%"
"12/09/2006","5,895.50","5,850.80","5,896.90","5,824.20","","0.76%"
"11/09/2006","5,850.80","5,879.30","5,879.30","5,820.00","","-0.48%"
"08/09/2006","5,879.30","5,858.10","5,899.00","5,858.10","","0.36%"
"07/09/2006","5,858.10","5,929.30","5,929.30","5,853.30","","-1.20%"
"06/09/2006","5,929.30","5,981.70","5,981.70","5,926.20","","-0.88%"
"05/09/2006","5,981.70","5,986.60","5,991.20","5,956.30","","-0.08%"
"04/09/2006","5,986.60","5,949.10","5,986.60","5,947.70","","0.63%"
"01/09/2006","5,949.10","5,906.10","5,967.70","5,906.10","","0.73%"
"31/08/2006","5,906.10","5,929.30","5,937.00","5,895.00","","-0.39%"
"30/08/2006","5,929.30","5,888.30","5,945.30","5,888.20","","0.70%"
"29/08/2006","5,888.30","5,878.60","5,921.30","5,878.60","","0.17%"
"25/08/2006","5,878.60","5,869.10","5,893.60","5,858.60","","0.16%"
"24/08/2006","5,869.10","5,860.00","5,892.30","5,832.50","","0.16%"
"23/08/2006","5,860.00","5,902.60","5,906.30","5,853.80","","-0.72%"
"22/08/2006","5,902.60","5,915.20","5,939.20","5,878.40","","-0.21%"
"21/08/2006","5,915.20","5,903.40","5,936.60","5,883.80","","0.20%"
"18/08/2006","5,903.40","5,900.40","5,932.50","5,900.20","","0.05%"
"17/08/2006","5,900.40","5,896.60","5,915.00","5,888.80","","0.06%"
"16/08/2006","5,896.60","5,897.90","5,902.80","5,848.70","","-0.02%"
"15/08/2006","5,897.90","5,870.90","5,903.20","5,845.00","","0.46%"
"14/08/2006","5,870.90","5,820.10","5,870.90","5,820.10","","0.87%"
"11/08/2006","5,820.10","5,823.40","5,848.20","5,797.00","","-0.06%"
"10/08/2006","5,823.40","5,860.50","5,860.50","5,752.60","","-0.63%"
"09/08/2006","5,860.50","5,818.10","5,865.90","5,778.20","","0.73%"
"08/08/2006","5,818.10","5,828.80","5,866.60","5,818.10","","-0.18%"
"07/08/2006","5,828.80","5,889.40","5,889.40","5,820.90","","-1.03%"
"04/08/2006","5,889.40","5,838.40","5,893.30","5,836.50","","0.87%"
"03/08/2006","5,838.40","5,932.10","5,940.70","5,827.10","","-1.58%"
"02/08/2006","5,932.10","5,880.80","5,932.10","5,880.80","","0.87%"
"01/08/2006","5,880.80","5,928.30","5,949.80","5,867.40","","-0.80%"
"31/07/2006","5,928.30","5,974.90","5,977.20","5,928.30","","-0.78%"
"28/07/2006","5,974.90","5,929.50","5,982.50","5,904.70","","0.77%"
"27/07/2006","5,929.50","5,877.10","5,936.80","5,877.10","","0.89%"
"26/07/2006","5,877.10","5,851.20","5,878.70","5,851.20","","0.44%"
"25/07/2006","5,851.20","5,833.90","5,872.80","5,825.80","","0.30%"
"24/07/2006","5,833.90","5,719.70","5,835.20","5,719.70","","2.00%"
"21/07/2006","5,719.70","5,770.90","5,770.90","5,700.70","","-0.89%"
"20/07/2006","5,770.90","5,778.00","5,819.70","5,756.40","","-0.12%"
"19/07/2006","5,778.00","5,681.70","5,785.30","5,680.80","","1.69%"
"18/07/2006","5,681.70","5,701.00","5,712.60","5,658.30","","-0.34%"
"17/07/2006","5,701.00","5,707.60","5,721.10","5,654.60","","-0.12%"
"14/07/2006","5,707.60","5,765.00","5,765.00","5,707.60","","-1.00%"
"13/07/2006","5,765.00","5,860.60","5,860.60","5,751.90","","-1.63%"
"12/07/2006","5,860.60","5,857.30","5,899.30","5,842.70","","0.06%"
"11/07/2006","5,857.30","5,896.90","5,896.90","5,844.00","","-0.67%"
"10/07/2006","5,896.90","5,888.90","5,901.00","5,856.50","","0.14%"
"07/07/2006","5,888.90","5,890.00","5,908.50","5,858.40","","-0.02%"
"06/07/2006","5,890.00","5,826.70","5,897.10","5,826.70","","1.09%"
"05/07/2006","5,826.70","5,883.50","5,883.50","5,815.70","","-0.97%"
"04/07/2006","5,883.50","5,884.40","5,884.50","5,848.30","","-0.02%"
"03/07/2006","5,884.40","5,833.40","5,884.40","5,833.40","","0.87%"
"30/06/2006","5,833.40","5,791.50","5,865.70","5,791.50","","0.72%"
"29/06/2006","5,791.50","5,678.60","5,791.70","5,678.60","","1.99%"
"28/06/2006","5,678.60","5,652.30","5,702.90","5,633.80","","0.47%"
"27/06/2006","5,652.30","5,681.20","5,729.80","5,650.00","","-0.51%"
"26/06/2006","5,681.20","5,692.10","5,716.50","5,677.50","","-0.19%"
"23/06/2006","5,692.10","5,684.10","5,716.70","5,667.80","","0.14%"
"22/06/2006","5,684.10","5,665.00","5,736.80","5,657.20","","0.34%"
"21/06/2006","5,665.00","5,658.20","5,673.50","5,610.80","","0.12%"
"20/06/2006","5,658.20","5,626.10","5,658.20","5,585.00","","0.57%"
"19/06/2006","5,626.10","5,597.40","5,665.70","5,597.40","","0.51%"
"16/06/2006","5,597.40","5,619.30","5,701.50","5,594.30","","-0.39%"
"15/06/2006","5,619.30","5,506.80","5,636.80","5,506.80","","2.04%"
"14/06/2006","5,506.80","5,519.60","5,544.40","5,475.60","","-0.23%"
"13/06/2006","5,519.60","5,620.90","5,620.90","5,467.40","","-1.80%"
"12/06/2006","5,620.90","5,655.20","5,666.30","5,612.30","","-0.61%"
"09/06/2006","5,655.20","5,562.90","5,673.60","5,562.90","","1.66%"
"08/06/2006","5,562.90","5,706.30","5,706.30","5,562.90","","-2.51%"
"07/06/2006","5,706.30","5,669.80","5,720.60","5,638.50","","0.64%"
"06/06/2006","5,669.80","5,762.10","5,762.10","5,656.60","","-1.60%"
"05/06/2006","5,762.10","5,764.60","5,789.80","5,738.90","","-0.04%"
"02/06/2006","5,764.60","5,749.70","5,802.90","5,745.70","","0.26%"
"01/06/2006","5,749.70","5,723.80","5,754.80","5,680.60","","0.45%"
"31/05/2006","5,723.80","5,652.00","5,743.80","5,591.50","","1.27%"
"30/05/2006","5,652.00","5,791.00","5,793.60","5,643.30","","-2.40%"
"26/05/2006","5,791.00","5,677.70","5,791.00","5,677.70","","2.00%"
"25/05/2006","5,677.70","5,587.10","5,677.70","5,562.00","","1.62%"
"24/05/2006","5,587.10","5,678.70","5,678.70","5,563.50","","-1.61%"
"23/05/2006","5,678.70","5,532.70","5,705.90","5,532.70","","2.64%"
"22/05/2006","5,532.70","5,657.40","5,657.40","5,510.50","","-2.20%"
"19/05/2006","5,657.40","5,671.60","5,715.00","5,645.40","","-0.25%"
"18/05/2006","5,671.60","5,675.50","5,719.70","5,618.70","","-0.07%"
"17/05/2006","5,675.50","5,846.20","5,871.60","5,675.50","","-2.92%"
"16/05/2006","5,846.20","5,841.30","5,883.20","5,807.10","","0.08%"
"15/05/2006","5,841.30","5,912.10","5,912.10","5,755.40","","-1.20%"
"12/05/2006","5,912.10","6,042.00","6,042.00","5,912.10","","-2.15%"
"11/05/2006","6,042.00","6,083.40","6,114.50","6,039.90","","-0.68%"
"10/05/2006","6,083.40","6,105.60","6,110.00","6,079.60","","-0.36%"
"09/05/2006","6,105.60","6,067.10","6,109.70","6,054.60","","0.63%"
"08/05/2006","6,067.10","6,091.70","6,133.50","6,058.80","","-0.40%"
"05/05/2006","6,091.70","6,036.90","6,093.10","6,033.90","","0.91%"
"04/05/2006","6,036.90","6,010.00","6,045.80","6,001.10","","0.45%"
"03/05/2006","6,010.00","6,082.10","6,100.00","6,008.70","","-1.19%"
"02/05/2006","6,082.10","6,023.10","6,090.70","6,022.30","","0.98%"
"28/04/2006","6,023.10","6,060.00","6,060.00","6,023.10","","-0.61%"
"27/04/2006","6,060.00","6,104.30","6,104.60","6,026.20","","-0.73%"
"26/04/2006","6,104.30","6,086.60","6,126.50","6,086.60","","0.29%"
"25/04/2006","6,086.60","6,098.70","6,128.80","6,084.60","","-0.20%"
"24/04/2006","6,098.70","6,132.70","6,136.50","6,098.70","","-0.55%"
"21/04/2006","6,132.70","6,081.40","6,137.10","6,077.90","","0.84%"
"20/04/2006","6,081.40","6,089.80","6,113.40","6,074.20","","-0.14%"
"19/04/2006","6,089.80","6,044.10","6,100.60","6,044.10","","0.76%"
"18/04/2006","6,044.10","6,029.40","6,056.10","6,026.10","","0.24%"
"13/04/2006","6,029.40","6,000.80","6,033.70","5,987.20","","0.48%"
"12/04/2006","6,000.80","6,016.50","6,020.00","5,974.50","","-0.26%"
"11/04/2006","6,016.50","6,067.00","6,092.50","6,012.90","","-0.83%"
"10/04/2006","6,067.00","6,026.10","6,067.00","6,024.30","","0.68%"
"07/04/2006","6,026.10","6,045.70","6,074.20","6,020.60","","-0.32%"
"06/04/2006","6,045.70","6,044.10","6,073.30","6,037.60","","0.03%"
"05/04/2006","6,044.10","6,004.70","6,047.50","5,983.50","","0.66%"
"04/04/2006","6,004.70","6,024.30","6,024.30","5,984.30","","-0.33%"
"03/04/2006","6,024.30","5,964.60","6,033.50","5,964.60","","1.00%"
"31/03/2006","5,964.60","6,015.20","6,019.20","5,961.40","","-0.84%"
"30/03/2006","6,015.20","5,959.20","6,036.00","5,959.20","","0.94%"
"29/03/2006","5,959.20","5,935.70","5,979.70","5,927.20","","0.40%"
"28/03/2006","5,935.70","5,972.20","6,004.30","5,929.70","","-0.61%"
"27/03/2006","5,972.20","6,036.30","6,047.00","5,971.40","","-1.06%"
"24/03/2006","6,036.30","5,990.10","6,037.90","5,990.10","","0.77%"
"23/03/2006","5,990.10","6,007.50","6,029.40","5,974.80","","-0.29%"
"22/03/2006","6,007.50","5,991.30","6,012.60","5,957.80","","0.27%"
"21/03/2006","5,991.30","5,991.70","5,992.90","5,956.70","","-0.01%"
"20/03/2006","5,991.70","5,999.40","6,039.10","5,986.90","","-0.13%"
"17/03/2006","5,999.40","5,993.20","6,044.00","5,992.80","","0.10%"
"16/03/2006","5,993.20","5,965.10","5,995.20","5,951.00","","0.47%"
"15/03/2006","5,965.10","5,950.60","5,980.50","5,950.60","","0.24%"
"14/03/2006","5,950.60","5,952.80","5,978.60","5,940.70","","-0.04%"
"13/03/2006","5,952.80","5,907.90","5,959.90","5,907.90","","0.76%"
"10/03/2006","5,907.90","5,855.90","5,909.10","5,838.20","","0.89%"
"09/03/2006","5,855.90","5,812.90","5,857.10","5,812.90","","0.74%"
"08/03/2006","5,812.90","5,857.40","5,857.60","5,790.90","","-0.76%"
"07/03/2006","5,857.40","5,897.80","5,897.80","5,830.70","","-0.68%"
"06/03/2006","5,897.80","5,858.70","5,924.50","5,858.70","","0.67%"
"03/03/2006","5,858.70","5,833.00","5,864.00","5,803.80","","0.44%"
"02/03/2006","5,833.00","5,844.10","5,880.00","5,803.70","","-0.19%"
"01/03/2006","5,844.10","5,791.50","5,844.10","5,783.90","","0.91%"
"28/02/2006","5,791.50","5,875.90","5,877.40","5,788.70","","-1.44%"
"27/02/2006","5,875.90","5,860.50","5,893.30","5,860.50","","0.26%"
"24/02/2006","5,860.50","5,836.00","5,864.00","5,836.00","","0.42%"
"23/02/2006","5,836.00","5,872.40","5,878.80","5,829.40","","-0.62%"
"22/02/2006","5,872.40","5,857.70","5,877.60","5,836.80","","0.25%"
"21/02/2006","5,857.70","5,863.00","5,888.00","5,856.90","","-0.09%"
"20/02/2006","5,863.00","5,846.20","5,866.70","5,839.40","","0.29%"
"17/02/2006","5,846.20","5,828.90","5,863.30","5,822.40","","0.30%"
"16/02/2006","5,828.90","5,791.50","5,828.90","5,791.50","","0.65%"
"15/02/2006","5,791.50","5,792.30","5,814.50","5,780.90","","-0.01%"
"14/02/2006","5,792.30","5,793.50","5,828.60","5,773.70","","-0.02%"
"13/02/2006","5,793.50","5,764.10","5,793.50","5,760.30","","0.51%"
"10/02/2006","5,764.10","5,808.70","5,808.70","5,764.10","","-0.77%"
"09/02/2006","5,808.70","5,725.10","5,808.90","5,725.10","","1.46%"
"08/02/2006","5,725.10","5,746.80","5,746.80","5,681.90","","-0.38%"
"07/02/2006","5,746.80","5,772.40","5,781.30","5,734.70","","-0.44%"
"06/02/2006","5,772.40","5,759.30","5,790.40","5,759.30","","0.23%"
"03/02/2006","5,759.30","5,747.30","5,766.70","5,728.20","","0.21%"
"02/02/2006","5,747.30","5,801.60","5,811.80","5,743.00","","-0.94%"
"01/02/2006","5,801.60","5,760.30","5,816.00","5,746.20","","0.72%"
"31/01/2006","5,760.30","5,779.80","5,792.50","5,760.30","","-0.34%"
"30/01/2006","5,779.80","5,786.80","5,796.10","5,772.70","","-0.12%"
"27/01/2006","5,786.80","5,722.60","5,788.20","5,722.60","","1.12%"
"26/01/2006","5,722.60","5,704.40","5,744.00","5,698.50","","0.32%"
"25/01/2006","5,704.40","5,633.80","5,704.40","5,633.80","","1.25%"
"24/01/2006","5,633.80","5,660.90","5,679.00","5,630.40","","-0.48%"
"23/01/2006","5,660.90","5,672.40","5,672.40","5,625.00","","-0.20%"
"20/01/2006","5,672.40","5,693.20","5,729.80","5,666.50","","-0.37%"
"19/01/2006","5,693.20","5,663.70","5,710.00","5,663.70","","0.52%"
"18/01/2006","5,663.70","5,699.00","5,699.00","5,634.80","","-0.62%"
"17/01/2006","5,699.00","5,740.20","5,740.20","5,693.10","","-0.72%"
"16/01/2006","5,740.20","5,711.00","5,740.20","5,707.20","","0.51%"
"13/01/2006","5,711.00","5,735.10","5,735.10","5,690.90","","-0.42%"
"12/01/2006","5,735.10","5,731.50","5,744.60","5,724.90","","0.06%"
"11/01/2006","5,731.50","5,688.80","5,731.50","5,688.80","","0.75%"
"10/01/2006","5,688.80","5,731.50","5,731.50","5,686.10","","-0.75%"
"09/01/2006","5,731.50","5,731.80","5,750.30","5,725.90","","-0.01%"
"06/01/2006","5,731.80","5,691.20","5,731.80","5,691.20","","0.71%"
"05/01/2006","5,691.20","5,714.60","5,722.40","5,686.40","","-0.41%"
"04/01/2006","5,714.60","5,681.50","5,716.40","5,681.50","","0.58%"
"03/01/2006","5,681.50","5,618.80","5,682.20","5,618.80","","1.12%"
"30/12/2005","5,618.80","5,638.30","5,640.00","5,596.80","","-0.35%"
"29/12/2005","5,638.30","5,622.80","5,647.20","5,622.80","","0.28%"
"28/12/2005","5,622.80","5,595.40","5,622.80","5,591.90","","0.49%"
"23/12/2005","5,595.40","5,597.00","5,608.20","5,588.00","","-0.03%"
"22/12/2005","5,597.00","5,587.40","5,599.30","5,584.80","","0.17%"
"21/12/2005","5,587.40","5,547.90","5,590.20","5,547.90","","0.71%"
"20/12/2005","5,547.90","5,539.80","5,552.20","5,524.70","","0.15%"
"19/12/2005","5,539.80","5,531.60","5,548.40","5,525.70","","0.15%"
"16/12/2005","5,531.60","5,495.30","5,552.60","5,495.30","","0.66%"
"15/12/2005","5,495.30","5,521.10","5,530.20","5,489.30","","-0.47%"
"14/12/2005","5,521.10","5,507.20","5,525.00","5,503.50","","0.25%"
"13/12/2005","5,507.20","5,501.50","5,527.20","5,499.20","","0.10%"
"12/12/2005","5,501.50","5,517.40","5,548.80","5,494.20","","-0.29%"
"09/12/2005","5,517.40","5,531.10","5,531.10","5,504.40","","-0.25%"
"08/12/2005","5,531.10","5,528.80","5,531.90","5,492.80","","0.04%"
"07/12/2005","5,528.80","5,538.80","5,574.00","5,518.40","","-0.18%"
"06/12/2005","5,538.80","5,510.40","5,546.90","5,505.90","","0.52%"
"05/12/2005","5,510.40","5,528.10","5,532.50","5,498.30","","-0.32%"
"02/12/2005","5,528.10","5,486.10","5,528.10","5,485.00","","0.77%"
"01/12/2005","5,486.10","5,423.20","5,494.70","5,423.20","","1.16%"
"30/11/2005","5,423.20","5,491.00","5,491.00","5,423.20","","-1.23%"
"29/11/2005","5,491.00","5,477.40","5,507.40","5,451.30","","0.25%"
"28/11/2005","5,477.40","5,523.80","5,554.90","5,477.40","","-0.84%"
"25/11/2005","5,523.80","5,511.00","5,531.40","5,511.00","","0.23%"
"24/11/2005","5,511.00","5,531.70","5,539.00","5,499.50","","-0.37%"
"23/11/2005","5,531.70","5,517.20","5,532.70","5,507.10","","0.26%"
"22/11/2005","5,517.20","5,497.90","5,522.40","5,497.90","","0.35%"
"21/11/2005","5,497.90","5,498.90","5,509.40","5,486.20","","-0.02%"
"18/11/2005","5,498.90","5,460.00","5,531.60","5,460.00","","0.71%"
"17/11/2005","5,460.00","5,430.00","5,480.10","5,430.00","","0.55%"
"16/11/2005","5,430.00","5,439.60","5,442.20","5,391.70","","-0.18%"
"15/11/2005","5,439.60","5,470.00","5,470.00","5,424.60","","-0.56%"
"14/11/2005","5,470.00","5,465.10","5,485.90","5,455.60","","0.09%"
"11/11/2005","5,465.10","5,423.50","5,468.80","5,423.50","","0.77%"
"10/11/2005","5,423.50","5,439.80","5,463.90","5,423.50","","-0.30%"
"09/11/2005","5,439.80","5,460.90","5,469.40","5,439.00","","-0.39%"
"08/11/2005","5,460.90","5,460.80","5,481.70","5,451.10","","0.00%"
"07/11/2005","5,460.80","5,423.60","5,471.00","5,415.50","","0.69%"
"04/11/2005","5,423.60","5,431.90","5,446.40","5,418.00","","-0.15%"
"03/11/2005","5,431.90","5,358.60","5,431.90","5,358.60","","1.37%"
"02/11/2005","5,358.60","5,344.30","5,364.70","5,316.00","","0.27%"
"01/11/2005","5,344.30","5,317.30","5,350.30","5,304.90","","0.51%"
"31/10/2005","5,317.30","5,213.40","5,318.40","5,213.40","","1.99%"
"28/10/2005","5,213.40","5,182.80","5,226.90","5,157.60","","0.59%"
"27/10/2005","5,182.80","5,227.80","5,227.80","5,168.20","","-0.86%"
"26/10/2005","5,227.80","5,182.10","5,236.50","5,182.10","","0.88%"
"25/10/2005","5,182.10","5,207.60","5,222.40","5,182.10","","-0.49%"
"24/10/2005","5,207.60","5,142.10","5,210.10","5,140.10","","1.27%"
"21/10/2005","5,142.10","5,164.10","5,164.10","5,130.90","","-0.43%"
"20/10/2005","5,164.10","5,167.80","5,234.00","5,146.70","","-0.07%"
"19/10/2005","5,167.80","5,263.90","5,263.90","5,167.80","","-1.83%"
"18/10/2005","5,263.90","5,286.50","5,303.20","5,259.60","","-0.43%"
"17/10/2005","5,286.50","5,275.00","5,297.10","5,272.50","","0.22%"
"14/10/2005","5,275.00","5,265.20","5,293.80","5,245.60","","0.19%"
"13/10/2005","5,265.20","5,342.20","5,342.20","5,256.30","","-1.44%"
"12/10/2005","5,342.20","5,380.70","5,380.70","5,342.20","","-0.72%"
"11/10/2005","5,380.70","5,374.50","5,404.40","5,373.90","","0.12%"
"10/10/2005","5,374.50","5,362.30","5,395.80","5,362.30","","0.23%"
"07/10/2005","5,362.30","5,372.40","5,394.40","5,355.70","","-0.19%"
"06/10/2005","5,372.40","5,427.80","5,427.80","5,358.10","","-1.02%"
"05/10/2005","5,427.80","5,494.40","5,494.40","5,427.80","","-1.21%"
"04/10/2005","5,494.40","5,501.50","5,501.50","5,475.20","","-0.13%"
"03/10/2005","5,501.50","5,477.70","5,515.00","5,474.90","","0.43%"
"30/09/2005","5,477.70","5,478.20","5,506.10","5,462.60","","-0.01%"
"29/09/2005","5,478.20","5,494.80","5,508.40","5,467.10","","-0.30%"
"28/09/2005","5,494.80","5,447.30","5,494.80","5,447.30","","0.87%"
"27/09/2005","5,447.30","5,453.10","5,471.20","5,442.70","","-0.11%"
"26/09/2005","5,453.10","5,413.60","5,456.90","5,413.60","","0.73%"
"23/09/2005","5,413.60","5,385.70","5,417.40","5,383.60","","0.52%"
"22/09/2005","5,385.70","5,369.70","5,395.50","5,354.30","","0.30%"
"21/09/2005","5,369.70","5,416.40","5,416.40","5,369.70","","-0.86%"
"20/09/2005","5,416.40","5,429.70","5,446.60","5,410.90","","-0.24%"
"19/09/2005","5,429.70","5,407.90","5,435.80","5,388.30","","0.40%"
"16/09/2005","5,407.90","5,383.50","5,418.70","5,375.30","","0.45%"
"15/09/2005","5,383.50","5,347.40","5,387.10","5,342.50","","0.68%"
"14/09/2005","5,347.40","5,338.00","5,349.70","5,327.10","","0.18%"
"13/09/2005","5,338.00","5,375.10","5,377.80","5,329.30","","-0.69%"
"12/09/2005","5,375.10","5,359.30","5,380.70","5,359.30","","0.29%"
"09/09/2005","5,359.30","5,340.80","5,362.40","5,340.30","","0.35%"
"08/09/2005","5,340.80","5,365.90","5,365.90","5,338.40","","-0.47%"
"07/09/2005","5,365.90","5,359.20","5,376.10","5,358.00","","0.13%"
"06/09/2005","5,359.20","5,337.80","5,366.60","5,337.80","","0.40%"
"05/09/2005","5,337.80","5,326.80","5,341.80","5,320.60","","0.21%"
"02/09/2005","5,326.80","5,328.50","5,338.10","5,319.60","","-0.03%"
"01/09/2005","5,328.50","5,296.90","5,342.10","5,296.90","","0.60%"
"31/08/2005","5,296.90","5,255.80","5,300.00","5,255.80","","0.78%"
"30/08/2005","5,255.80","5,228.10","5,270.20","5,228.10","","0.53%"
"26/08/2005","5,228.10","5,255.70","5,282.10","5,228.10","","-0.53%"
"25/08/2005","5,255.70","5,275.20","5,275.20","5,248.80","","-0.37%"
"24/08/2005","5,275.20","5,300.20","5,300.20","5,270.00","","-0.47%"
"23/08/2005","5,300.20","5,318.40","5,318.40","5,294.80","","-0.34%"
"22/08/2005","5,318.40","5,312.60","5,329.70","5,312.60","","0.11%"
"19/08/2005","5,312.60","5,269.30","5,313.10","5,269.30","","0.82%"
"18/08/2005","5,269.30","5,292.70","5,304.70","5,263.70","","-0.44%"
"17/08/2005","5,292.70","5,322.30","5,322.30","5,284.10","","-0.56%"
"16/08/2005","5,322.30","5,344.20","5,358.70","5,316.10","","-0.41%"
"15/08/2005","5,344.20","5,345.80","5,367.80","5,339.40","","-0.03%"
"12/08/2005","5,345.80","5,358.60","5,374.40","5,343.50","","-0.24%"
"11/08/2005","5,358.60","5,377.50","5,379.60","5,355.10","","-0.35%"
"10/08/2005","5,377.50","5,363.70","5,386.40","5,351.20","","0.26%"
"09/08/2005","5,363.70","5,344.30","5,363.70","5,342.70","","0.36%"
"08/08/2005","5,344.30","5,314.70","5,351.30","5,314.70","","0.56%"
"05/08/2005","5,314.70","5,315.50","5,341.80","5,306.70","","-0.02%"
"04/08/2005","5,315.50","5,332.30","5,335.40","5,300.00","","-0.32%"
"03/08/2005","5,332.30","5,327.50","5,332.30","5,304.00","","0.09%"
"02/08/2005","5,327.50","5,290.80","5,330.60","5,290.80","","0.69%"
"01/08/2005","5,290.80","5,282.30","5,302.90","5,282.30","","0.16%"
"29/07/2005","5,282.30","5,270.30","5,308.60","5,270.30","","0.23%"
"28/07/2005","5,270.30","5,263.60","5,282.30","5,262.30","","0.13%"
"27/07/2005","5,263.60","5,256.20","5,275.20","5,253.50","","0.14%"
"26/07/2005","5,256.20","5,270.70","5,279.40","5,253.90","","-0.28%"
"25/07/2005","5,270.70","5,241.80","5,273.50","5,241.80","","0.55%"
"22/07/2005","5,241.80","5,221.60","5,244.60","5,202.70","","0.39%"
"21/07/2005","5,221.60","5,215.20","5,256.00","5,180.20","","0.12%"
"20/07/2005","5,215.20","5,201.50","5,249.50","5,193.50","","0.26%"
"19/07/2005","5,201.50","5,214.20","5,230.90","5,191.00","","-0.24%"
"18/07/2005","5,214.20","5,230.80","5,258.40","5,212.00","","-0.32%"
"15/07/2005","5,230.80","5,259.70","5,261.50","5,222.60","","-0.55%"
"14/07/2005","5,259.70","5,245.90","5,283.90","5,245.90","","0.26%"
"13/07/2005","5,245.90","5,217.20","5,252.00","5,217.20","","0.55%"
"12/07/2005","5,217.20","5,242.40","5,249.40","5,216.20","","-0.48%"
"11/07/2005","5,242.40","5,232.20","5,257.90","5,232.20","","0.19%"
"08/07/2005","5,232.20","5,158.30","5,232.20","5,158.30","","1.43%"
"07/07/2005","5,158.30","5,229.60","5,229.60","5,022.10","","-1.36%"
"06/07/2005","5,229.60","5,190.10","5,237.60","5,190.10","","0.76%"
"05/07/2005","5,190.10","5,184.30","5,194.20","5,173.80","","0.11%"
"04/07/2005","5,184.30","5,161.00","5,188.60","5,161.00","","0.45%"
"01/07/2005","5,161.00","5,113.20","5,162.60","5,106.60","","0.93%"
"30/06/2005","5,113.20","5,109.10","5,138.20","5,097.10","","0.08%"
"29/06/2005","5,109.10","5,090.40","5,119.50","5,090.20","","0.37%"
"28/06/2005","5,090.40","5,043.50","5,090.40","5,043.50","","0.93%"
"27/06/2005","5,043.50","5,079.00","5,079.00","5,036.90","","-0.70%"
"24/06/2005","5,079.00","5,114.40","5,114.40","5,069.10","","-0.69%"
"23/06/2005","5,114.40","5,099.30","5,121.90","5,099.10","","0.30%"
"22/06/2005","5,099.30","5,082.10","5,110.50","5,076.60","","0.34%"
"21/06/2005","5,082.10","5,072.00","5,091.00","5,072.00","","0.20%"
"20/06/2005","5,072.00","5,077.60","5,078.00","5,057.90","","-0.11%"
"17/06/2005","5,077.60","5,045.00","5,098.50","5,044.60","","0.65%"
"16/06/2005","5,045.00","5,019.50","5,046.40","5,019.50","","0.51%"
"15/06/2005","5,019.50","5,046.80","5,060.80","5,013.40","","-0.54%"
"14/06/2005","5,046.80","5,050.40","5,054.30","5,037.50","","-0.07%"
"13/06/2005","5,050.40","5,030.40","5,051.00","5,026.10","","0.40%"
"10/06/2005","5,030.40","5,009.20","5,047.30","5,009.20","","0.42%"
"09/06/2005","5,009.20","5,003.70","5,009.80","4,984.20","","0.11%"
"08/06/2005","5,003.70","5,025.20","5,025.20","4,995.10","","-0.43%"
"07/06/2005","5,025.20","4,980.40","5,027.90","4,980.40","","0.90%"
"06/06/2005","4,980.40","4,999.40","5,006.80","4,976.20","","-0.38%"
"03/06/2005","4,999.40","5,005.00","5,016.60","4,987.20","","-0.11%"
"02/06/2005","5,005.00","5,011.00","5,014.90","4,996.50","","-0.12%"
"01/06/2005","5,011.00","4,964.00","5,011.00","4,964.00","","0.95%"
"31/05/2005","4,964.00","4,986.30","4,999.70","4,964.00","","-0.45%"
"27/05/2005","4,986.30","4,994.90","5,002.00","4,976.60","","-0.17%"
"26/05/2005","4,994.90","4,971.50","5,004.30","4,956.80","","0.47%"
"25/05/2005","4,971.50","4,982.50","4,983.60","4,964.10","","-0.22%"
"24/05/2005","4,982.50","4,989.80","4,990.20","4,974.20","","-0.15%"
"23/05/2005","4,989.80","4,971.80","4,991.60","4,971.80","","0.36%"
"20/05/2005","4,971.80","4,962.70","4,981.10","4,962.70","","0.18%"
"19/05/2005","4,962.70","4,949.40","4,972.90","4,949.40","","0.27%"
"18/05/2005","4,949.40","4,898.50","4,956.90","4,898.50","","1.04%"
"17/05/2005","4,898.50","4,884.20","4,902.00","4,880.70","","0.29%"
"16/05/2005","4,884.20","4,886.50","4,887.70","4,869.00","","-0.05%"
"13/05/2005","4,886.50","4,893.20","4,893.20","4,854.20","","-0.14%"
"12/05/2005","4,893.20","4,875.40","4,909.80","4,875.40","","0.37%"
"11/05/2005","4,875.40","4,892.40","4,896.60","4,868.20","","-0.35%"
"10/05/2005","4,892.40","4,910.30","4,929.10","4,880.20","","-0.36%"
"09/05/2005","4,910.30","4,918.90","4,928.70","4,895.10","","-0.17%"
"06/05/2005","4,918.90","4,902.30","4,924.60","4,897.60","","0.34%"
"05/05/2005","4,902.30","4,882.50","4,917.60","4,882.50","","0.41%"
"04/05/2005","4,882.50","4,861.20","4,882.50","4,847.90","","0.44%"
"03/05/2005","4,861.20","4,801.70","4,862.90","4,801.70","","1.24%"
"29/04/2005","4,801.70","4,790.20","4,824.40","4,773.70","","0.24%"
"28/04/2005","4,790.20","4,789.40","4,820.70","4,775.50","","0.02%"
"27/04/2005","4,789.40","4,845.50","4,845.50","4,780.60","","-1.16%"
"26/04/2005","4,845.50","4,864.90","4,879.60","4,831.50","","-0.40%"
"25/04/2005","4,864.90","4,849.30","4,867.80","4,841.30","","0.32%"
"22/04/2005","4,849.30","4,819.60","4,859.00","4,819.60","","0.62%"
"21/04/2005","4,819.60","4,822.00","4,839.10","4,805.50","","-0.05%"
"20/04/2005","4,822.00","4,855.60","4,873.60","4,817.80","","-0.69%"
"19/04/2005","4,855.60","4,827.10","4,862.60","4,827.10","","0.59%"
"18/04/2005","4,827.10","4,891.60","4,891.60","4,794.80","","-1.32%"
"15/04/2005","4,891.60","4,945.40","4,945.40","4,891.60","","-1.09%"
"14/04/2005","4,945.40","4,960.80","4,960.80","4,937.00","","-0.31%"
"13/04/2005","4,960.80","4,946.20","4,973.80","4,946.20","","0.30%"
"12/04/2005","4,946.20","4,973.20","4,973.80","4,941.10","","-0.54%"
"11/04/2005","4,973.20","4,983.60","4,983.60","4,964.00","","-0.21%"
"08/04/2005","4,983.60","4,977.00","4,994.10","4,975.00","","0.13%"
"07/04/2005","4,977.00","4,947.40","4,984.50","4,947.40","","0.60%"
"06/04/2005","4,947.40","4,942.90","4,953.60","4,937.40","","0.09%"
"05/04/2005","4,942.90","4,896.70","4,943.80","4,896.70","","0.94%"
"04/04/2005","4,896.70","4,914.00","4,923.30","4,877.00","","-0.35%"
"01/04/2005","4,914.00","4,894.40","4,942.00","4,894.40","","0.40%"
"31/03/2005","4,894.40","4,900.70","4,933.80","4,894.40","","-0.13%"
"30/03/2005","4,900.70","4,919.00","4,919.00","4,886.50","","-0.37%"
"29/03/2005","4,919.00","4,922.50","4,924.30","4,892.80","","-0.07%"
"24/03/2005","4,922.50","4,910.40","4,933.70","4,904.50","","0.25%"
"23/03/2005","4,910.40","4,937.30","4,937.30","4,887.20","","-0.54%"
"22/03/2005","4,937.30","4,933.50","4,946.80","4,908.50","","0.08%"
"21/03/2005","4,933.50","4,923.30","4,952.20","4,923.30","","0.21%"
"18/03/2005","4,923.30","4,922.10","4,947.90","4,922.10","","0.02%"
"17/03/2005","4,922.10","4,937.60","4,952.90","4,920.00","","-0.31%"
"16/03/2005","4,937.60","5,000.20","5,000.20","4,928.10","","-1.25%"
"15/03/2005","5,000.20","4,975.00","5,006.10","4,975.00","","0.51%"
"14/03/2005","4,975.00","4,982.00","4,995.00","4,947.90","","-0.14%"
"11/03/2005","4,982.00","4,962.10","4,991.60","4,962.10","","0.40%"
"10/03/2005","4,962.10","4,996.10","4,996.10","4,956.80","","-0.68%"
"09/03/2005","4,996.10","5,010.90","5,038.90","4,992.90","","-0.30%"
"08/03/2005","5,010.90","5,027.20","5,029.60","5,001.90","","-0.32%"
"07/03/2005","5,027.20","5,036.30","5,041.30","5,014.50","","-0.18%"
"04/03/2005","5,036.30","5,014.80","5,042.00","5,011.70","","0.43%"
"03/03/2005","5,014.80","4,992.80","5,024.00","4,992.80","","0.44%"
"02/03/2005","4,992.80","5,000.50","5,000.90","4,965.90","","-0.15%"
"01/03/2005","5,000.50","4,968.50","5,004.90","4,966.90","","0.64%"
"28/02/2005","4,968.50","5,006.80","5,030.20","4,968.40","","-0.76%"
"25/02/2005","5,006.80","4,972.10","5,010.80","4,972.10","","0.70%"
"24/02/2005","4,972.10","4,988.50","5,002.50","4,972.10","","-0.33%"
"23/02/2005","4,988.50","5,032.90","5,032.90","4,970.80","","-0.88%"
"22/02/2005","5,032.90","5,060.80","5,063.30","5,013.20","","-0.55%"
"21/02/2005","5,060.80","5,057.20","5,077.80","5,047.50","","0.07%"
"18/02/2005","5,057.20","5,057.40","5,066.50","5,045.50","","0.00%"
"17/02/2005","5,057.40","5,053.20","5,077.60","5,051.80","","0.08%"
"16/02/2005","5,053.20","5,058.90","5,059.50","5,035.50","","-0.11%"
"15/02/2005","5,058.90","5,041.80","5,065.70","5,036.10","","0.34%"
"14/02/2005","5,041.80","5,044.20","5,049.60","5,030.50","","-0.05%"
"11/02/2005","5,044.20","5,000.10","5,045.00","5,000.10","","0.88%"
"10/02/2005","5,000.00","4,990.40","5,014.80","4,977.30","","0.19%"
"09/02/2005","4,990.40","4,995.50","5,003.00","4,974.50","","-0.10%"
"08/02/2005","4,995.50","4,979.80","4,995.50","4,968.70","","0.32%"
"07/02/2005","4,979.80","4,941.50","4,982.80","4,941.50","","0.78%"
"04/02/2005","4,941.50","4,908.30","4,947.40","4,908.30","","0.68%"
"03/02/2005","4,908.30","4,916.20","4,924.10","4,898.40","","-0.16%"
"02/02/2005","4,916.20","4,906.20","4,918.80","4,897.50","","0.20%"
"01/02/2005","4,906.20","4,852.30","4,906.20","4,852.30","","1.11%"
"31/01/2005","4,852.30","4,832.80","4,879.50","4,832.80","","0.40%"
"28/01/2005","4,832.80","4,853.40","4,860.40","4,827.30","","-0.42%"
"27/01/2005","4,853.40","4,847.10","4,860.30","4,835.00","","0.13%"
"26/01/2005","4,847.10","4,843.20","4,860.30","4,839.00","","0.08%"
"25/01/2005","4,843.20","4,812.50","4,850.00","4,803.70","","0.64%"
"24/01/2005","4,812.50","4,803.30","4,814.00","4,770.10","","0.19%"
"21/01/2005","4,803.30","4,800.80","4,813.90","4,785.60","","0.05%"
"20/01/2005","4,800.80","4,818.30","4,818.30","4,783.30","","-0.36%"
"19/01/2005","4,818.30","4,823.90","4,845.40","4,817.50","","-0.12%"
"18/01/2005","4,823.90","4,846.70","4,852.80","4,800.80","","-0.47%"
"17/01/2005","4,846.70","4,820.80","4,846.70","4,820.80","","0.54%"
"14/01/2005","4,820.80","4,800.30","4,831.60","4,786.50","","0.43%"
"13/01/2005","4,800.30","4,783.60","4,809.80","4,782.50","","0.35%"
"12/01/2005","4,783.60","4,818.70","4,823.20","4,765.40","","-0.73%"
"11/01/2005","4,818.70","4,840.70","4,847.60","4,805.00","","-0.45%"
"10/01/2005","4,840.70","4,854.10","4,858.90","4,833.40","","-0.28%"
"07/01/2005","4,854.10","4,824.30","4,863.50","4,819.80","","0.62%"
"06/01/2005","4,824.30","4,806.00","4,833.30","4,806.00","","0.38%"
"05/01/2005","4,806.00","4,847.00","4,847.00","4,806.00","","-0.85%"
"04/01/2005","4,847.00","4,814.30","4,851.60","4,809.40","","0.68%"